session,game_id,my_elo_before,opp_elo,elo_delta,my_elo_after,won,total_rounds,final_my_hp,final_opp_hp,round_num,country,my_score,opp_score,winner,damage,used_mult,my_hp_after,opp_hp_after,my_mult_after,opp_mult_after
15.1,20260417-144613,1044,1043,16,1060,True,9,2474,0,1,us:il,4998,4999,opp,1,1.0,5999,6000,1.0,1.5
15.1,20260417-144613,1044,1043,16,1060,True,9,2474,0,2,mx,4952,3423,me,1529,1.0,5999,4471,1.5,1.5
15.1,20260417-144613,1044,1043,16,1060,True,9,2474,0,3,in,4523,4942,opp,629,1.5,5370,4471,1.5,2.0
15.1,20260417-144613,1044,1043,16,1060,True,9,2474,0,4,ar,4409,5000,opp,1182,2.0,4188,4471,1.5,2.5
15.1,20260417-144613,1044,1043,16,1060,True,9,2474,0,5,lu,4862,4998,opp,340,2.5,3848,4471,1.5,3.0
15.1,20260417-144613,1044,1043,16,1060,True,9,2474,0,6,ke,4938,3616,me,1983,1.5,3848,2488,2.0,3.0
15.1,20260417-144613,1044,1043,16,1060,True,9,2474,0,7,ee,4991,4994,opp,9,3.0,3839,2488,2.0,3.5
15.1,20260417-144613,1044,1043,16,1060,True,9,2474,0,8,in,3867,4257,opp,1365,3.5,2474,2488,2.0,4.0
15.1,20260417-144613,1044,1043,16,1060,True,9,2474,0,9,ca,4991,2307,me,5368,2.0,2474,0,2.5,4.0
15.1,20260417-144906,1060,1130,-13,1047,False,11,0,795,1,id,4340,3657,me,683,1.0,6000,5317,1.5,1.0
15.1,20260417-144906,1060,1130,-13,1047,False,11,0,795,2,uk,3636,4998,opp,1362,1.0,4638,5317,1.5,1.5
15.1,20260417-144906,1060,1130,-13,1047,False,11,0,795,3,uk,4651,4929,opp,417,1.5,4221,5317,1.5,2.0
15.1,20260417-144906,1060,1130,-13,1047,False,11,0,795,4,es,5000,4930,me,105,1.5,4221,5212,2.0,2.0
15.1,20260417-144906,1060,1130,-13,1047,False,11,0,795,5,mx,4998,4646,me,704,2.0,4221,4508,2.5,2.0
15.1,20260417-144906,1060,1130,-13,1047,False,11,0,795,6,us:la,4780,4897,opp,234,2.0,3987,4508,2.5,2.5
15.1,20260417-144906,1060,1130,-13,1047,False,11,0,795,7,no,4910,4979,opp,173,2.5,3814,4508,2.5,3.0
15.1,20260417-144906,1060,1130,-13,1047,False,11,0,795,8,bd,4867,4696,me,428,2.5,3814,4080,3.0,3.0
15.1,20260417-144906,1060,1130,-13,1047,False,11,0,795,9,us:tx,3914,4759,opp,2535,3.0,1279,4080,3.0,3.5
15.1,20260417-144906,1060,1130,-13,1047,False,11,0,795,10,vn,4458,3363,me,3285,3.0,1279,795,3.5,3.5
15.1,20260417-144906,1060,1130,-13,1047,False,11,0,795,11,za,4056,4997,opp,3294,3.5,0,795,3.5,4.0
15.1,20260417-150444,1047,1072,17,1064,True,6,5808,0,1,in,4999,5000,opp,1,1.0,5999,6000,1.0,1.5
15.1,20260417-150444,1047,1072,17,1064,True,6,5808,0,2,us:ky,4643,4770,opp,191,1.5,5808,6000,1.0,2.0
15.1,20260417-150444,1047,1072,17,1064,True,6,5808,0,3,il,4998,4593,me,405,1.0,5808,5595,1.5,2.0
15.1,20260417-150444,1047,1072,17,1064,True,6,5808,0,4,fr,4999,4810,me,284,1.5,5808,5311,2.0,2.0
15.1,20260417-150444,1047,1072,17,1064,True,6,5808,0,5,sn,4996,4597,me,798,2.0,5808,4513,2.5,2.0
15.1,20260417-150444,1047,1072,17,1064,True,6,5808,0,6,nz,4980,3077,me,4758,2.5,5808,0,3.0,2.0
15.1,20260417-150633,1064,1148,20,1084,True,9,1326,0,1,br,4820,4881,opp,61,1.0,5939,6000,1.0,1.5
15.1,20260417-150633,1064,1148,20,1084,True,9,1326,0,2,ru,3903,4941,opp,1557,1.5,4382,6000,1.0,2.0
15.1,20260417-150633,1064,1148,20,1084,True,9,1326,0,3,us:la,4996,4654,me,342,1.0,4382,5658,1.5,2.0
15.1,20260417-150633,1064,1148,20,1084,True,9,1326,0,4,kr,4871,4993,opp,244,2.0,4138,5658,1.5,2.5
15.1,20260417-150633,1064,1148,20,1084,True,9,1326,0,5,jp,3727,4542,opp,2038,2.5,2100,5658,1.5,3.0
15.1,20260417-150633,1064,1148,20,1084,True,9,1326,0,6,uk,4976,4020,me,1434,1.5,2100,4224,2.0,3.0
15.1,20260417-150633,1064,1148,20,1084,True,9,1326,0,7,th,4531,4789,opp,774,3.0,1326,4224,2.0,3.5
15.1,20260417-150633,1064,1148,20,1084,True,9,1326,0,8,br,4708,3711,me,1994,2.0,1326,2230,2.5,3.5
15.1,20260417-150633,1064,1148,20,1084,True,9,1326,0,9,au,4996,3077,me,4798,2.5,1326,0,3.0,3.5
15.1,20260417-150848,1084,1128,18,1102,True,6,6000,0,1,us:nm,4997,4643,me,354,1.0,6000,5646,1.5,1.0
15.1,20260417-150848,1084,1128,18,1102,True,6,6000,0,2,ru,3994,3629,me,548,1.5,6000,5098,2.0,1.0
15.1,20260417-150848,1084,1128,18,1102,True,6,6000,0,3,uk,4993,4939,me,108,2.0,6000,4990,2.5,1.0
15.1,20260417-150848,1084,1128,18,1102,True,6,6000,0,4,in,4999,4998,me,3,2.5,6000,4987,3.0,1.0
15.1,20260417-150848,1084,1128,18,1102,True,6,6000,0,5,fi,4775,3836,me,2817,3.0,6000,2170,3.5,1.0
15.1,20260417-150848,1084,1128,18,1102,True,6,6000,0,6,vn,4845,3540,me,4568,3.5,6000,0,4.0,1.0
15.1,20260417-151033,1102,1019,12,1114,True,9,4685,0,1,ke,4960,4601,me,359,1.0,6000,5641,1.5,1.0
15.1,20260417-151033,1102,1019,12,1114,True,9,4685,0,2,gt,4971,4987,opp,16,1.0,5984,5641,1.5,1.5
15.1,20260417-151033,1102,1019,12,1114,True,9,4685,0,3,se,4996,4741,me,383,1.5,5984,5258,2.0,1.5
15.1,20260417-151033,1102,1019,12,1114,True,9,4685,0,4,ke,4993,4547,me,892,2.0,5984,4366,2.5,1.5
15.1,20260417-151033,1102,1019,12,1114,True,9,4685,0,5,no,4999,4924,me,188,2.5,5984,4178,3.0,1.5
15.1,20260417-151033,1102,1019,12,1114,True,9,4685,0,6,gr,4916,4256,me,1980,3.0,5984,2198,3.5,1.5
15.1,20260417-151033,1102,1019,12,1114,True,9,4685,0,7,pe,4993,4852,me,494,3.5,5984,1704,4.0,1.5
15.1,20260417-151033,1102,1019,12,1114,True,9,4685,0,8,tr,4119,4985,opp,1299,1.5,4685,1704,4.0,2.0
15.1,20260417-151033,1102,1019,12,1114,True,9,4685,0,9,ph,4793,4365,me,1712,4.0,4685,0,4.5,2.0
15.1,20260417-151421,1114,1204,20,1134,True,4,6000,0,1,th,4748,4693,me,55,1.0,6000,5945,1.5,1.0
15.1,20260417-151421,1114,1204,20,1134,True,4,6000,0,2,za,4967,4719,me,372,1.5,6000,5573,2.0,1.0
15.1,20260417-151421,1114,1204,20,1134,True,4,6000,0,3,us:ca,4989,3363,me,3252,2.0,6000,2321,2.5,1.0
15.1,20260417-151421,1114,1204,20,1134,True,4,6000,0,4,id,4335,1747,me,6470,2.5,6000,0,3.0,1.0
15.1,20260417-151549,1134,1181,-14,1120,False,5,0,5887,1,lk,4868,4971,opp,103,1.0,5897,6000,1.0,1.5
15.1,20260417-151549,1134,1181,-14,1120,False,5,0,5887,2,es,4863,4750,me,113,1.0,5897,5887,1.5,1.5
15.1,20260417-151549,1134,1181,-14,1120,False,5,0,5887,3,uk,3731,4976,opp,1868,1.5,4029,5887,1.5,2.0
15.1,20260417-151549,1134,1181,-14,1120,False,5,0,5887,4,ar,4512,4999,opp,974,2.0,3055,5887,1.5,2.5
15.1,20260417-151549,1134,1181,-14,1120,False,5,0,5887,5,au,727,4998,opp,10678,2.5,0,5887,1.5,3.0
15.1,20260417-151705,1120,0,23,1143,True,7,1521,0,1,it,4014,3728,me,286,1.0,6000,5714,1.5,1.0
15.1,20260417-151705,1120,0,23,1143,True,7,1521,0,2,np,4223,3972,me,377,1.5,6000,5337,2.0,1.0
15.1,20260417-151705,1120,0,23,1143,True,7,1521,0,3,br,4494,4611,opp,117,1.0,5883,5337,2.0,1.5
15.1,20260417-151705,1120,0,23,1143,True,7,1521,0,4,us:ut,3944,4976,opp,1548,1.5,4335,5337,2.0,2.0
15.1,20260417-151705,1120,0,23,1143,True,7,1521,0,5,us:ca,2596,4003,opp,2814,2.0,1521,5337,2.0,2.5
15.1,20260417-151705,1120,0,23,1143,True,7,1521,0,6,ke,4971,4159,me,1624,2.0,1521,3713,2.5,2.5
15.1,20260417-151705,1120,0,23,1143,True,7,1521,0,7,id,4872,2238,me,6585,2.5,1521,0,3.0,2.5
15.1,20260417-151900,1143,1151,16,1159,True,4,6000,0,1,fr,4992,4785,me,207,1.0,6000,5793,1.5,1.0
15.1,20260417-151900,1143,1151,16,1159,True,4,6000,0,2,br,4178,4035,me,215,1.5,6000,5578,2.0,1.0
15.1,20260417-151900,1143,1151,16,1159,True,4,6000,0,3,si,4962,4784,me,356,2.0,6000,5222,2.5,1.0
15.1,20260417-151900,1143,1151,16,1159,True,4,6000,0,4,us:wa,4992,483,me,11273,2.5,6000,0,3.0,1.0
15.1,20260417-151959,1159,1245,-12,1147,False,10,0,4416,1,be,4702,4781,opp,79,1.0,5921,6000,1.0,1.5
15.1,20260417-151959,1159,1245,-12,1147,False,10,0,4416,2,tr,5000,4887,me,113,1.0,5921,5887,1.5,1.5
15.1,20260417-151959,1159,1245,-12,1147,False,10,0,4416,3,us:nm,4684,4999,opp,473,1.5,5448,5887,1.5,2.0
15.1,20260417-151959,1159,1245,-12,1147,False,10,0,4416,4,us:oh,4955,5000,opp,90,2.0,5358,5887,1.5,2.5
15.1,20260417-151959,1159,1245,-12,1147,False,10,0,4416,5,jp,4635,3772,me,1295,1.5,5358,4592,2.0,2.5
15.1,20260417-151959,1159,1245,-12,1147,False,10,0,4416,6,si,4997,4938,me,118,2.0,5358,4474,2.5,2.5
15.1,20260417-151959,1159,1245,-12,1147,False,10,0,4416,7,pl,4983,4960,me,58,2.5,5358,4416,3.0,2.5
15.1,20260417-151959,1159,1245,-12,1147,False,10,0,4416,8,in,4844,4875,opp,78,2.5,5280,4416,3.0,3.0
15.1,20260417-151959,1159,1245,-12,1147,False,10,0,4416,9,th,3479,4434,opp,2865,3.0,2415,4416,3.0,3.5
15.1,20260417-151959,1159,1245,-12,1147,False,10,0,4416,10,ng,4122,4996,opp,3059,3.5,0,4416,3.0,4.0
15.1,20260417-152300,1147,1257,-11,1136,False,9,0,2574,1,us:wi,4995,4807,me,188,1.0,6000,5812,1.5,1.0
15.1,20260417-152300,1147,1257,-11,1136,False,9,0,2574,2,co,4676,4896,opp,220,1.0,5780,5812,1.5,1.5
15.1,20260417-152300,1147,1257,-11,1136,False,9,0,2574,3,de,4999,4647,me,528,1.5,5780,5284,2.0,1.5
15.1,20260417-152300,1147,1257,-11,1136,False,9,0,2574,4,ro,4642,4985,opp,515,1.5,5265,5284,2.0,2.0
15.1,20260417-152300,1147,1257,-11,1136,False,9,0,2574,5,nz,5000,3911,me,2178,2.0,5265,3106,2.5,2.0
15.1,20260417-152300,1147,1257,-11,1136,False,9,0,2574,6,za,5000,4996,me,10,2.5,5265,3096,3.0,2.0
15.1,20260417-152300,1147,1257,-11,1136,False,9,0,2574,7,pe,4992,4818,me,522,3.0,5265,2574,3.5,2.0
15.1,20260417-152300,1147,1257,-11,1136,False,9,0,2574,8,de,4751,4816,opp,130,2.0,5135,2574,3.5,2.5
15.1,20260417-152300,1147,1257,-11,1136,False,9,0,2574,9,ru,2376,4726,opp,5875,2.5,0,2574,3.5,3.0
15.1,20260417-152513,1136,1154,17,1153,True,15,4351,0,1,ca,4827,4015,me,812,1.0,6000,5188,1.5,1.0
15.1,20260417-152513,1136,1154,17,1153,True,15,4351,0,2,mn,4359,4096,me,395,1.5,6000,4793,2.0,1.0
15.1,20260417-152513,1136,1154,17,1153,True,15,4351,0,3,ph,4641,4080,me,1122,2.0,6000,3671,2.5,1.0
15.1,20260417-152513,1136,1154,17,1153,True,15,4351,0,4,kr,4992,4863,me,323,2.5,6000,3348,3.0,1.0
15.1,20260417-152513,1136,1154,17,1153,True,15,4351,0,5,ca,4993,4553,me,1320,3.0,6000,2028,3.5,1.0
15.1,20260417-152513,1136,1154,17,1153,True,15,4351,0,6,fi,4996,4761,me,823,3.5,6000,1205,4.0,1.0
15.1,20260417-152513,1136,1154,17,1153,True,15,4351,0,7,at,4787,4797,opp,10,1.0,5990,1205,4.0,1.5
15.1,20260417-152513,1136,1154,17,1153,True,15,4351,0,8,id,4914,4663,me,1004,4.0,5990,201,4.5,1.5
15.1,20260417-152513,1136,1154,17,1153,True,15,4351,0,9,nl,4709,4737,opp,42,1.5,5948,201,4.5,2.0
15.1,20260417-152513,1136,1154,17,1153,True,15,4351,0,10,us:ma,4554,5000,opp,892,2.0,5056,201,4.5,2.5
15.1,20260417-152513,1136,1154,17,1153,True,15,4351,0,11,ch,4971,4999,opp,70,2.5,4986,201,4.5,3.0
15.1,20260417-152513,1136,1154,17,1153,True,15,4351,0,12,ec,4687,4687,tie,0,0.0,4986,201,5.0,3.5
15.1,20260417-152513,1136,1154,17,1153,True,15,4351,0,13,es,4745,4899,opp,539,3.5,4447,201,5.0,4.0
15.1,20260417-152513,1136,1154,17,1153,True,15,4351,0,14,ru,4377,4401,opp,96,4.0,4351,201,5.0,4.5
15.1,20260417-152513,1136,1154,17,1153,True,15,4351,0,15,pe,4080,3999,me,405,5.0,4351,0,5.5,4.5
15.1,20260417-152924,1153,1215,-13,1140,False,11,0,3355,1,ca,4999,4999,tie,0,0.0,6000,6000,1.5,1.5
15.1,20260417-152924,1153,1215,-13,1140,False,11,0,3355,2,gh,4982,4966,me,24,1.5,6000,5976,2.0,1.5
15.1,20260417-152924,1153,1215,-13,1140,False,11,0,3355,3,id,4200,4944,opp,1116,1.5,4884,5976,2.0,2.0
15.1,20260417-152924,1153,1215,-13,1140,False,11,0,3355,4,in,4449,3777,me,1344,2.0,4884,4632,2.5,2.0
15.1,20260417-152924,1153,1215,-13,1140,False,11,0,3355,5,lt,4503,4648,opp,290,2.0,4594,4632,2.5,2.5
15.1,20260417-152924,1153,1215,-13,1140,False,11,0,3355,6,dk,4876,4992,opp,290,2.5,4304,4632,2.5,3.0
15.1,20260417-152924,1153,1215,-13,1140,False,11,0,3355,7,uk,4880,4984,opp,312,3.0,3992,4632,2.5,3.5
15.1,20260417-152924,1153,1215,-13,1140,False,11,0,3355,8,mx,5000,4788,me,530,2.5,3992,4102,3.0,3.5
15.1,20260417-152924,1153,1215,-13,1140,False,11,0,3355,9,se,4964,4715,me,747,3.0,3992,3355,3.5,3.5
15.1,20260417-152924,1153,1215,-13,1140,False,11,0,3355,10,ph,4238,4993,opp,2643,3.5,1349,3355,3.5,4.0
15.1,20260417-152924,1153,1215,-13,1140,False,11,0,3355,11,pt,4516,4996,opp,1920,4.0,0,3355,3.5,4.5
15.1,20260417-153253,1140,1217,19,1159,True,8,5922,0,1,se,4630,2880,me,1750,1.0,6000,4250,1.5,1.0
15.1,20260417-153253,1140,1217,19,1159,True,8,5922,0,2,my,5000,4694,me,459,1.5,6000,3791,2.0,1.0
15.1,20260417-153253,1140,1217,19,1159,True,8,5922,0,3,at,4924,4933,opp,9,1.0,5991,3791,2.0,1.5
15.1,20260417-153253,1140,1217,19,1159,True,8,5922,0,4,tr,4412,4329,me,166,2.0,5991,3625,2.5,1.5
15.1,20260417-153253,1140,1217,19,1159,True,8,5922,0,5,no,4995,4484,me,1278,2.5,5991,2347,3.0,1.5
15.1,20260417-153253,1140,1217,19,1159,True,8,5922,0,6,ru,4390,4436,opp,69,1.5,5922,2347,3.0,2.0
15.1,20260417-153253,1140,1217,19,1159,True,8,5922,0,7,us:sd,4554,3999,me,1665,3.0,5922,682,3.5,2.0
15.1,20260417-153253,1140,1217,19,1159,True,8,5922,0,8,us:wa,4981,4062,me,3217,3.5,5922,0,4.0,2.0
15.1,20260417-153508,1159,1245,-12,1147,False,10,0,5766,1,mx,4916,4918,opp,2,1.0,5998,6000,1.0,1.5
15.1,20260417-153508,1159,1245,-12,1147,False,10,0,5766,2,ca,4802,4998,opp,294,1.5,5704,6000,1.0,2.0
15.1,20260417-153508,1159,1245,-12,1147,False,10,0,5766,3,kh,4619,4565,me,54,1.0,5704,5946,1.5,2.0
15.1,20260417-153508,1159,1245,-12,1147,False,10,0,5766,4,id,4376,4992,opp,1232,2.0,4472,5946,1.5,2.5
15.1,20260417-153508,1159,1245,-12,1147,False,10,0,5766,5,us:ks,4142,4579,opp,1093,2.5,3379,5946,1.5,3.0
15.1,20260417-153508,1159,1245,-12,1147,False,10,0,5766,6,pl,4520,4814,opp,882,3.0,2497,5946,1.5,3.5
15.1,20260417-153508,1159,1245,-12,1147,False,10,0,5766,7,pe,3685,4283,opp,2093,3.5,404,5946,1.5,4.0
15.1,20260417-153508,1159,1245,-12,1147,False,10,0,5766,8,cr,4899,4822,me,116,1.5,404,5830,2.0,4.0
15.1,20260417-153508,1159,1245,-12,1147,False,10,0,5766,9,sk,4973,4941,me,64,2.0,404,5766,2.5,4.0
15.1,20260417-153508,1159,1245,-12,1147,False,10,0,5766,10,id,4779,4953,opp,696,4.0,0,5766,2.5,4.5
16.1,20260418-211114,1173,1085,-20,1153,False,6,0,5963,1,ar,22,4750,opp,4728,1.0,1272,6000,1.0,1.5
16.1,20260418-211114,1173,1085,-20,1153,False,6,0,5963,2,mx,4574,4817,opp,365,1.5,907,6000,1.0,2.0
16.1,20260418-211114,1173,1085,-20,1153,False,6,0,5963,3,de,4991,4983,me,8,1.0,907,5992,1.5,2.0
16.1,20260418-211114,1173,1085,-20,1153,False,6,0,5963,4,no,4068,4314,opp,492,2.0,415,5992,1.5,2.5
16.1,20260418-211114,1173,1085,-20,1153,False,6,0,5963,5,tw,4700,4681,me,29,1.5,415,5963,2.0,2.5
16.1,20260418-211114,1173,1085,-20,1153,False,6,0,5963,6,id,4111,4989,opp,2195,2.5,0,5963,2.0,3.0
16.1,20260418-211519,1153,1105,14,1167,True,9,3273,0,1,ph,4819,4484,me,335,1.0,6000,5665,1.5,1.0
16.1,20260418-211519,1153,1105,14,1167,True,9,3273,0,2,ar,4959,4866,me,140,1.5,6000,5525,2.0,1.0
16.1,20260418-211519,1153,1105,14,1167,True,9,3273,0,3,bd,4654,4121,me,1066,2.0,6000,4459,2.5,1.0
16.1,20260418-211519,1153,1105,14,1167,True,9,3273,0,4,br,4516,2875,me,4103,2.5,6000,356,3.0,1.0
16.1,20260418-211519,1153,1105,14,1167,True,9,3273,0,5,br,3626,4665,opp,1039,1.0,4961,356,3.0,1.5
16.1,20260418-211519,1153,1105,14,1167,True,9,3273,0,6,us:nd,4333,4629,opp,444,1.5,4517,356,3.0,2.0
16.1,20260418-211519,1153,1105,14,1167,True,9,3273,0,7,tr,4659,4742,opp,166,2.0,4351,356,3.0,2.5
16.1,20260418-211519,1153,1105,14,1167,True,9,3273,0,8,tr,4555,4986,opp,1078,2.5,3273,356,3.0,3.0
16.1,20260418-211519,1153,1105,14,1167,True,9,3273,0,9,us:mi,4517,2761,me,5268,3.0,3273,0,3.5,3.0
16.1,20260418-212534,1167,1130,14,1181,True,7,5264,0,1,at,4921,5000,opp,79,1.0,5921,6000,1.0,1.5
16.1,20260418-212534,1167,1130,14,1181,True,7,5264,0,2,ec,4776,4999,opp,335,1.5,5586,6000,1.0,2.0
16.1,20260418-212534,1167,1130,14,1181,True,7,5264,0,3,my,4699,4542,me,157,1.0,5586,5843,1.5,2.0
16.1,20260418-212534,1167,1130,14,1181,True,7,5264,0,4,in,4993,4421,me,858,1.5,5586,4985,2.0,2.0
16.1,20260418-212534,1167,1130,14,1181,True,7,5264,0,5,ro,4995,4947,me,96,2.0,5586,4889,2.5,2.0
16.1,20260418-212534,1167,1130,14,1181,True,7,5264,0,6,ls,4771,4932,opp,322,2.0,5264,4889,2.5,2.5
16.1,20260418-212534,1167,1130,14,1181,True,7,5264,0,7,in,4936,2467,me,6173,2.5,5264,0,3.0,2.5
16.1,20260418-213140,1181,0,-19,1162,False,14,0,381,1,ng,4713,4807,opp,94,1.0,5906,6000,1.0,1.5
16.1,20260418-213140,1181,0,-19,1162,False,14,0,381,2,lk,1049,963,me,86,1.0,5906,5914,1.5,1.5
16.1,20260418-213140,1181,0,-19,1162,False,14,0,381,3,hu,4532,4892,opp,540,1.5,5366,5914,1.5,2.0
16.1,20260418-213140,1181,0,-19,1162,False,14,0,381,4,in,4404,4802,opp,796,2.0,4570,5914,1.5,2.5
16.1,20260418-213140,1181,0,-19,1162,False,14,0,381,5,lv,4804,4587,me,326,1.5,4570,5588,2.0,2.5
16.1,20260418-213140,1181,0,-19,1162,False,14,0,381,6,mx,4875,4418,me,914,2.0,4570,4674,2.5,2.5
16.1,20260418-213140,1181,0,-19,1162,False,14,0,381,7,bo,4987,4993,opp,15,2.5,4555,4674,2.5,3.0
16.1,20260418-213140,1181,0,-19,1162,False,14,0,381,8,us:nh,4858,4872,opp,42,3.0,4513,4674,2.5,3.5
16.1,20260418-213140,1181,0,-19,1162,False,14,0,381,9,id,3697,4194,opp,1740,3.5,2773,4674,2.5,4.0
16.1,20260418-213140,1181,0,-19,1162,False,14,0,381,10,pa,4583,4844,opp,1044,4.0,1729,4674,2.5,4.5
16.1,20260418-213140,1181,0,-19,1162,False,14,0,381,11,de,4675,4711,opp,162,4.5,1567,4674,2.5,5.0
16.1,20260418-213140,1181,0,-19,1162,False,14,0,381,12,us:fl,4779,4851,opp,360,5.0,1207,4674,2.5,5.5
16.1,20260418-213140,1181,0,-19,1162,False,14,0,381,13,jp,4996,3279,me,4293,2.5,1207,381,3.0,5.5
16.1,20260418-213140,1181,0,-19,1162,False,14,0,381,14,mx,3862,4993,opp,6221,5.5,0,381,3.0,6.0
16.1,20260418-214016,1162,0,16,1178,True,17,1014,0,1,in,4532,4713,opp,181,1.0,5819,6000,1.0,1.5
16.1,20260418-214016,1162,0,16,1178,True,17,1014,0,2,au,4994,4059,me,935,1.0,5819,5065,1.5,1.5
16.1,20260418-214016,1162,0,16,1178,True,17,1014,0,3,id,3960,4333,opp,560,1.5,5259,5065,1.5,2.0
16.1,20260418-214016,1162,0,16,1178,True,17,1014,0,4,mx,4981,4991,opp,20,2.0,5239,5065,1.5,2.5
16.1,20260418-214016,1162,0,16,1178,True,17,1014,0,5,ar,3450,3435,me,23,1.5,5239,5042,2.0,2.5
16.1,20260418-214016,1162,0,16,1178,True,17,1014,0,6,no,4626,4806,opp,450,2.5,4789,5042,2.0,3.0
16.1,20260418-214016,1162,0,16,1178,True,17,1014,0,7,no,4955,3140,me,3630,2.0,4789,1412,2.5,3.0
16.1,20260418-214016,1162,0,16,1178,True,17,1014,0,8,br,4788,4696,me,230,2.5,4789,1182,3.0,3.0
16.1,20260418-214016,1162,0,16,1178,True,17,1014,0,9,pt,4977,4995,opp,54,3.0,4735,1182,3.0,3.5
16.1,20260418-214016,1162,0,16,1178,True,17,1014,0,10,gr,4877,4926,opp,172,3.5,4563,1182,3.0,4.0
16.1,20260418-214016,1162,0,16,1178,True,17,1014,0,11,uk,4791,4664,me,381,3.0,4563,801,3.5,4.0
16.1,20260418-214016,1162,0,16,1178,True,17,1014,0,12,ca,4883,4898,opp,60,4.0,4503,801,3.5,4.5
16.1,20260418-214016,1162,0,16,1178,True,17,1014,0,13,de,4575,4782,opp,932,4.5,3571,801,3.5,5.0
16.1,20260418-214016,1162,0,16,1178,True,17,1014,0,14,ch,4987,4820,me,585,3.5,3571,216,4.0,5.0
16.1,20260418-214016,1162,0,16,1178,True,17,1014,0,15,in,4346,4710,opp,1820,5.0,1751,216,4.0,5.5
16.1,20260418-214016,1162,0,16,1178,True,17,1014,0,16,bd,4798,4932,opp,737,5.5,1014,216,4.0,6.0
16.1,20260418-214016,1162,0,16,1178,True,17,1014,0,17,ua,4876,4782,me,376,4.0,1014,0,4.5,6.0
16.1,20260418-214947,1178,1143,14,1192,True,11,3786,0,1,ca,3717,4999,opp,1282,1.0,4718,6000,1.0,1.5
16.1,20260418-214947,1178,1143,14,1192,True,11,3786,0,2,ca,4955,3986,me,969,1.0,4718,5031,1.5,1.5
16.1,20260418-214947,1178,1143,14,1192,True,11,3786,0,3,si,4991,4821,me,255,1.5,4718,4776,2.0,1.5
16.1,20260418-214947,1178,1143,14,1192,True,11,3786,0,4,pt,4999,4754,me,490,2.0,4718,4286,2.5,1.5
16.1,20260418-214947,1178,1143,14,1192,True,11,3786,0,5,it,4980,4959,me,53,2.5,4718,4233,3.0,1.5
16.1,20260418-214947,1178,1143,14,1192,True,11,3786,0,6,ca,4364,4874,opp,765,1.5,3953,4233,3.0,2.0
16.1,20260418-214947,1178,1143,14,1192,True,11,3786,0,7,se,4916,4998,opp,164,2.0,3789,4233,3.0,2.5
16.1,20260418-214947,1178,1143,14,1192,True,11,3786,0,8,hr,4999,4995,me,12,3.0,3789,4221,3.5,2.5
16.1,20260418-214947,1178,1143,14,1192,True,11,3786,0,9,pe,4999,5000,opp,3,2.5,3786,4221,3.5,3.0
16.1,20260418-214947,1178,1143,14,1192,True,11,3786,0,10,za,4993,4719,me,959,3.5,3786,3262,4.0,3.0
16.1,20260418-214947,1178,1143,14,1192,True,11,3786,0,11,us:wi,4562,3178,me,5536,4.0,3786,0,4.5,3.0
16.1,20260418-215448,1192,1127,13,1205,True,9,1529,0,1,bd,4701,4861,opp,160,1.0,5840,6000,1.0,1.5
16.1,20260418-215448,1192,1127,13,1205,True,9,1529,0,2,au,4939,4998,opp,89,1.5,5751,6000,1.0,2.0
16.1,20260418-215448,1192,1127,13,1205,True,9,1529,0,3,om,4495,4378,me,117,1.0,5751,5883,1.5,2.0
16.1,20260418-215448,1192,1127,13,1205,True,9,1529,0,4,it,4833,4870,opp,74,2.0,5677,5883,1.5,2.5
16.1,20260418-215448,1192,1127,13,1205,True,9,1529,0,5,mx,4994,4741,me,380,1.5,5677,5503,2.0,2.5
16.1,20260418-215448,1192,1127,13,1205,True,9,1529,0,6,ca,4963,4927,me,72,2.0,5677,5431,2.5,2.5
16.1,20260418-215448,1192,1127,13,1205,True,9,1529,0,7,kz,2625,4284,opp,4148,2.5,1529,5431,2.5,3.0
16.1,20260418-215448,1192,1127,13,1205,True,9,1529,0,8,no,4964,4779,me,463,2.5,1529,4968,3.0,3.0
16.1,20260418-215448,1192,1127,13,1205,True,9,1529,0,9,ca,4992,2954,me,6114,3.0,1529,0,3.5,3.0
16.1,20260418-220921,1205,1496,-5,1200,False,6,0,6000,1,in,4996,4999,opp,3,1.0,5997,6000,1.0,1.5
16.1,20260418-220921,1205,1496,-5,1200,False,6,0,6000,2,cz,4997,4998,opp,2,1.5,5995,6000,1.0,2.0
16.1,20260418-220921,1205,1496,-5,1200,False,6,0,6000,3,id,2797,4970,opp,4346,2.0,1649,6000,1.0,2.5
16.1,20260418-220921,1205,1496,-5,1200,False,6,0,6000,4,de,4971,5000,opp,73,2.5,1576,6000,1.0,3.0
16.1,20260418-220921,1205,1496,-5,1200,False,6,0,6000,5,uk,4946,4999,opp,159,3.0,1417,6000,1.0,3.5
16.1,20260418-220921,1205,1496,-5,1200,False,6,0,6000,6,cl,4328,4998,opp,2345,3.5,0,6000,1.0,4.0
16.1,20260418-221212,1200,1099,11,1211,True,4,6000,0,1,mx,4898,4549,me,349,1.0,6000,5651,1.5,1.0
16.1,20260418-221212,1200,1099,11,1211,True,4,6000,0,2,ro,4996,4492,me,756,1.5,6000,4895,2.0,1.0
16.1,20260418-221212,1200,1099,11,1211,True,4,6000,0,3,cl,4806,4523,me,566,2.0,6000,4329,2.5,1.0
16.1,20260418-221212,1200,1099,11,1211,True,4,6000,0,4,mx,4729,1406,me,8308,2.5,6000,0,3.0,1.0
16.1,20260418-221534,1211,1229,17,1228,True,9,2038,0,1,tr,4973,4963,me,10,1.0,6000,5990,1.5,1.0
16.1,20260418-221534,1211,1229,17,1228,True,9,2038,0,2,na,5000,5000,tie,0,0.0,6000,5990,2.0,1.5
16.1,20260418-221534,1211,1229,17,1228,True,9,2038,0,3,us:nc,3523,4998,opp,2213,1.5,3787,5990,2.0,2.0
16.1,20260418-221534,1211,1229,17,1228,True,9,2038,0,4,br,3696,4512,opp,1632,2.0,2155,5990,2.0,2.5
16.1,20260418-221534,1211,1229,17,1228,True,9,2038,0,5,fi,4968,4998,opp,75,2.5,2080,5990,2.0,3.0
16.1,20260418-221534,1211,1229,17,1228,True,9,2038,0,6,mx,4980,4455,me,1050,2.0,2080,4940,2.5,3.0
16.1,20260418-221534,1211,1229,17,1228,True,9,2038,0,7,uk,4994,4994,tie,0,0.0,2080,4940,3.0,3.5
16.1,20260418-221534,1211,1229,17,1228,True,9,2038,0,8,mk,4975,4987,opp,42,3.5,2038,4940,3.0,4.0
16.1,20260418-221534,1211,1229,17,1228,True,9,2038,0,9,id,4862,2874,me,5964,3.0,2038,0,3.5,4.0
16.1,20260418-221939,1228,1203,15,1243,True,4,6000,0,1,au,4487,417,me,4070,1.0,6000,1930,1.5,1.0
16.1,20260418-221939,1228,1203,15,1243,True,4,6000,0,2,ro,4999,4647,me,528,1.5,6000,1402,2.0,1.0
16.1,20260418-221939,1228,1203,15,1243,True,4,6000,0,3,ee,4998,4888,me,220,2.0,6000,1182,2.5,1.0
16.1,20260418-221939,1228,1203,15,1243,True,4,6000,0,4,na,4768,10,me,11895,2.5,6000,0,3.0,1.0
16.1,20260418-222206,1243,1188,13,1256,True,8,5897,0,1,it,4998,4996,me,2,1.0,6000,5998,1.5,1.0
16.1,20260418-222206,1243,1188,13,1256,True,8,5897,0,2,ru,4715,4651,me,96,1.5,6000,5902,2.0,1.0
16.1,20260418-222206,1243,1188,13,1256,True,8,5897,0,3,br,4371,3142,me,2458,2.0,6000,3444,2.5,1.0
16.1,20260418-222206,1243,1188,13,1256,True,8,5897,0,4,au,4996,4574,me,1055,2.5,6000,2389,3.0,1.0
16.1,20260418-222206,1243,1188,13,1256,True,8,5897,0,5,bd,4694,4797,opp,103,1.0,5897,2389,3.0,1.5
16.1,20260418-222206,1243,1188,13,1256,True,8,5897,0,6,se,4999,4998,me,3,3.0,5897,2386,3.5,1.5
16.1,20260418-222206,1243,1188,13,1256,True,8,5897,0,7,ro,4998,4709,me,1012,3.5,5897,1374,4.0,1.5
16.1,20260418-222206,1243,1188,13,1256,True,8,5897,0,8,za,4421,4054,me,1468,4.0,5897,0,4.5,1.5
16.1,20260418-222531,1256,1173,-20,1236,False,7,0,5653,1,ru,126,1116,opp,990,1.0,5010,6000,1.0,1.5
16.1,20260418-222531,1256,1173,-20,1236,False,7,0,5653,2,uk,4987,4996,opp,14,1.5,4996,6000,1.0,2.0
16.1,20260418-222531,1256,1173,-20,1236,False,7,0,5653,3,tw,4980,4966,me,14,1.0,4996,5986,1.5,2.0
16.1,20260418-222531,1256,1173,-20,1236,False,7,0,5653,4,uy,2987,4997,opp,4020,2.0,976,5986,1.5,2.5
16.1,20260418-222531,1256,1173,-20,1236,False,7,0,5653,5,ca,4519,4297,me,333,1.5,976,5653,2.0,2.5
16.1,20260418-222531,1256,1173,-20,1236,False,7,0,5653,6,hu,4963,4978,opp,38,2.5,938,5653,2.0,3.0
16.1,20260418-222531,1256,1173,-20,1236,False,7,0,5653,7,ca,4616,4972,opp,1068,3.0,0,5653,2.0,3.5
16.1,20260418-222842,1236,1193,14,1250,True,8,3349,0,1,ca,4512,5000,opp,488,1.0,5512,6000,1.0,1.5
16.1,20260418-222842,1236,1193,14,1250,True,8,3349,0,2,fr,5000,4738,me,262,1.0,5512,5738,1.5,1.5
16.1,20260418-222842,1236,1193,14,1250,True,8,3349,0,3,us:ga,4003,4605,opp,903,1.5,4609,5738,1.5,2.0
16.1,20260418-222842,1236,1193,14,1250,True,8,3349,0,4,nl,4996,4996,tie,0,0.0,4609,5738,2.0,2.5
16.1,20260418-222842,1236,1193,14,1250,True,8,3349,0,5,dk,5000,4982,me,36,2.0,4609,5702,2.5,2.5
16.1,20260418-222842,1236,1193,14,1250,True,8,3349,0,6,jp,4494,4998,opp,1260,2.5,3349,5702,2.5,3.0
16.1,20260418-222842,1236,1193,14,1250,True,8,3349,0,7,in,4867,4005,me,2155,2.5,3349,3547,3.0,3.0
16.1,20260418-222842,1236,1193,14,1250,True,8,3349,0,8,za,4710,2954,me,5268,3.0,3349,0,3.5,3.0
16.2,20260418-223418,1250,1234,15,1265,True,7,5922,0,1,in,4767,4247,me,520,1.0,6000,5480,1.5,1.0
16.2,20260418-223418,1250,1234,15,1265,True,7,5922,0,2,jp,4878,4906,opp,28,1.0,5972,5480,1.5,1.5
16.2,20260418-223418,1250,1234,15,1265,True,7,5922,0,3,de,4995,4994,me,2,1.5,5972,5478,2.0,1.5
16.2,20260418-223418,1250,1234,15,1265,True,7,5922,0,4,il,4831,4844,opp,20,1.5,5952,5478,2.0,2.0
16.2,20260418-223418,1250,1234,15,1265,True,7,5922,0,5,ke,4932,4554,me,756,2.0,5952,4722,2.5,2.0
16.2,20260418-223418,1250,1234,15,1265,True,7,5922,0,6,cl,4959,4974,opp,30,2.0,5922,4722,2.5,2.5
16.2,20260418-223418,1250,1234,15,1265,True,7,5922,0,7,pe,4110,1566,me,6360,2.5,5922,0,3.0,2.5
16.2,20260418-223739,1265,1237,-17,1248,False,11,0,769,1,au,2209,4997,opp,2788,1.0,3212,6000,1.0,1.5
16.2,20260418-223739,1265,1237,-17,1248,False,11,0,769,2,ua,3791,3972,opp,272,1.5,2940,6000,1.0,2.0
16.2,20260418-223739,1265,1237,-17,1248,False,11,0,769,3,al,4999,4999,tie,0,0.0,2940,6000,1.5,2.5
16.2,20260418-223739,1265,1237,-17,1248,False,11,0,769,4,in,4971,4427,me,816,1.5,2940,5184,2.0,2.5
16.2,20260418-223739,1265,1237,-17,1248,False,11,0,769,5,us:tx,4993,4209,me,1568,2.0,2940,3616,2.5,2.5
16.2,20260418-223739,1265,1237,-17,1248,False,11,0,769,6,de,4622,4825,opp,508,2.5,2432,3616,2.5,3.0
16.2,20260418-223739,1265,1237,-17,1248,False,11,0,769,7,us:wi,4880,4603,me,693,2.5,2432,2923,3.0,3.0
16.2,20260418-223739,1265,1237,-17,1248,False,11,0,769,8,in,4986,4268,me,2154,3.0,2432,769,3.5,3.0
16.2,20260418-223739,1265,1237,-17,1248,False,11,0,769,9,be,4928,4999,opp,213,3.0,2219,769,3.5,3.5
16.2,20260418-223739,1265,1237,-17,1248,False,11,0,769,10,lv,4809,4934,opp,438,3.5,1781,769,3.5,4.0
16.2,20260418-223739,1265,1237,-17,1248,False,11,0,769,11,tr,4444,4989,opp,2180,4.0,0,769,3.5,4.5
16.2,20260418-224124,1248,1254,-16,1232,False,8,0,5059,1,jp,4926,5000,opp,74,1.0,5926,6000,1.0,1.5
16.2,20260418-224124,1248,1254,-16,1232,False,8,0,5059,2,id,4830,4813,me,17,1.0,5926,5983,1.5,1.5
16.2,20260418-224124,1248,1254,-16,1232,False,8,0,5059,3,ph,4765,4779,opp,21,1.5,5905,5983,1.5,2.0
16.2,20260418-224124,1248,1254,-16,1232,False,8,0,5059,4,ru,1577,3386,opp,3618,2.0,2287,5983,1.5,2.5
16.2,20260418-224124,1248,1254,-16,1232,False,8,0,5059,5,hu,4993,4994,opp,3,2.5,2284,5983,1.5,3.0
16.2,20260418-224124,1248,1254,-16,1232,False,8,0,5059,6,in,4236,4376,opp,420,3.0,1864,5983,1.5,3.5
16.2,20260418-224124,1248,1254,-16,1232,False,8,0,5059,7,ar,2461,1845,me,924,1.5,1864,5059,2.0,3.5
16.2,20260418-224124,1248,1254,-16,1232,False,8,0,5059,8,za,3870,4998,opp,3948,3.5,0,5059,2.0,4.0
16.2,20260418-224421,1232,1157,13,1245,True,5,5934,0,1,ar,4880,2804,me,2076,1.0,6000,3924,1.5,1.0
16.2,20260418-224421,1232,1157,13,1245,True,5,5934,0,2,au,4914,3167,me,2621,1.5,6000,1303,2.0,1.0
16.2,20260418-224421,1232,1157,13,1245,True,5,5934,0,3,jp,4896,4253,me,1286,2.0,6000,17,2.5,1.0
16.2,20260418-224421,1232,1157,13,1245,True,5,5934,0,4,tw,4851,4917,opp,66,1.0,5934,17,2.5,1.5
16.2,20260418-224421,1232,1157,13,1245,True,5,5934,0,5,gr,4990,4523,me,1168,2.5,5934,0,3.0,1.5
16.2,20260418-224620,1245,1144,11,1256,True,7,5306,0,1,cr,4980,2457,me,2523,1.0,6000,3477,1.5,1.0
16.2,20260418-224620,1245,1144,11,1256,True,7,5306,0,2,ar,4668,4703,opp,35,1.0,5965,3477,1.5,1.5
16.2,20260418-224620,1245,1144,11,1256,True,7,5306,0,3,sk,4466,4905,opp,659,1.5,5306,3477,1.5,2.0
16.2,20260418-224620,1245,1144,11,1256,True,7,5306,0,4,ph,4697,4521,me,264,1.5,5306,3213,2.0,2.0
16.2,20260418-224620,1245,1144,11,1256,True,7,5306,0,5,ru,4087,3236,me,1702,2.0,5306,1511,2.5,2.0
16.2,20260418-224620,1245,1144,11,1256,True,7,5306,0,6,cr,5000,4940,me,150,2.5,5306,1361,3.0,2.0
16.2,20260418-224620,1245,1144,11,1256,True,7,5306,0,7,in,4133,3047,me,3258,3.0,5306,0,3.5,2.0
16.2,20260418-224859,1256,1305,-14,1242,False,9,0,5577,1,ua,4135,4991,opp,856,1.0,5144,6000,1.0,1.5
16.2,20260418-224859,1256,1305,-14,1242,False,9,0,5577,2,us:in,4998,4997,me,1,1.0,5144,5999,1.5,1.5
16.2,20260418-224859,1256,1305,-14,1242,False,9,0,5577,3,br,4990,4999,opp,14,1.5,5130,5999,1.5,2.0
16.2,20260418-224859,1256,1305,-14,1242,False,9,0,5577,4,sz,3732,3776,opp,88,2.0,5042,5999,1.5,2.5
16.2,20260418-224859,1256,1305,-14,1242,False,9,0,5577,5,vn,4250,4740,opp,1225,2.5,3817,5999,1.5,3.0
16.2,20260418-224859,1256,1305,-14,1242,False,9,0,5577,6,mx,4731,4981,opp,750,3.0,3067,5999,1.5,3.5
16.2,20260418-224859,1256,1305,-14,1242,False,9,0,5577,7,no,5000,5000,tie,0,0.0,3067,5999,2.0,4.0
16.2,20260418-224859,1256,1305,-14,1242,False,9,0,5577,8,co,4015,3804,me,422,2.0,3067,5577,2.5,4.0
16.2,20260418-224859,1256,1305,-14,1242,False,9,0,5577,9,mx,3153,4963,opp,7240,4.0,0,5577,2.5,4.5
16.2,20260418-225243,1242,0,-13,1229,False,7,0,5556,1,mx,4507,4999,opp,492,1.0,5508,6000,1.0,1.5
16.2,20260418-225243,1242,0,-13,1229,False,7,0,5556,2,id,4888,4995,opp,161,1.5,5347,6000,1.0,2.0
16.2,20260418-225243,1242,0,-13,1229,False,7,0,5556,3,ng,4994,4984,me,10,1.0,5347,5990,1.5,2.0
16.2,20260418-225243,1242,0,-13,1229,False,7,0,5556,4,us:nd,3346,4999,opp,3306,2.0,2041,5990,1.5,2.5
16.2,20260418-225243,1242,0,-13,1229,False,7,0,5556,5,in,4334,4626,opp,730,2.5,1311,5990,1.5,3.0
16.2,20260418-225243,1242,0,-13,1229,False,7,0,5556,6,us:sc,5000,4711,me,434,1.5,1311,5556,2.0,3.0
16.2,20260418-225243,1242,0,-13,1229,False,7,0,5556,7,br,4289,4998,opp,2127,3.0,0,5556,2.0,3.5
16.2,20260418-225701,1229,1130,12,1241,True,10,4198,0,1,ar,4432,3636,me,796,1.0,6000,5204,1.5,1.0
16.2,20260418-225701,1229,1130,12,1241,True,10,4198,0,2,ca,4425,4960,opp,535,1.0,5465,5204,1.5,1.5
16.2,20260418-225701,1229,1130,12,1241,True,10,4198,0,3,it,4619,4780,opp,242,1.5,5223,5204,1.5,2.0
16.2,20260418-225701,1229,1130,12,1241,True,10,4198,0,4,in,4787,3837,me,1425,1.5,5223,3779,2.0,2.0
16.2,20260418-225701,1229,1130,12,1241,True,10,4198,0,5,pe,4834,4835,opp,2,2.0,5221,3779,2.0,2.5
16.2,20260418-225701,1229,1130,12,1241,True,10,4198,0,6,ru,4571,4154,me,834,2.0,5221,2945,2.5,2.5
16.2,20260418-225701,1229,1130,12,1241,True,10,4198,0,7,nl,4765,4741,me,60,2.5,5221,2885,3.0,2.5
16.2,20260418-225701,1229,1130,12,1241,True,10,4198,0,8,us:ia,4169,4553,opp,960,2.5,4261,2885,3.0,3.0
16.2,20260418-225701,1229,1130,12,1241,True,10,4198,0,9,ie,4965,4986,opp,63,3.0,4198,2885,3.0,3.5
16.2,20260418-225701,1229,1130,12,1241,True,10,4198,0,10,ph,4772,3601,me,3513,3.0,4198,0,3.5,3.5
16.2,20260418-230114,1241,1286,18,1259,True,14,3421,0,1,gr,4921,4855,me,66,1.0,6000,5934,1.5,1.0
16.2,20260418-230114,1241,1286,18,1259,True,14,3421,0,2,no,5000,4999,me,2,1.5,6000,5932,2.0,1.0
16.2,20260418-230114,1241,1286,18,1259,True,14,3421,0,3,pl,4966,4519,me,894,2.0,6000,5038,2.5,1.0
16.2,20260418-230114,1241,1286,18,1259,True,14,3421,0,4,mx,4996,4994,me,5,2.5,6000,5033,3.0,1.0
16.2,20260418-230114,1241,1286,18,1259,True,14,3421,0,5,lt,4878,5000,opp,122,1.0,5878,5033,3.0,1.5
16.2,20260418-230114,1241,1286,18,1259,True,14,3421,0,6,br,4494,4271,me,669,3.0,5878,4364,3.5,1.5
16.2,20260418-230114,1241,1286,18,1259,True,14,3421,0,7,es,4503,4953,opp,675,1.5,5203,4364,3.5,2.0
16.2,20260418-230114,1241,1286,18,1259,True,14,3421,0,8,br,4868,4613,me,893,3.5,5203,3471,4.0,2.0
16.2,20260418-230114,1241,1286,18,1259,True,14,3421,0,9,es,4999,4960,me,156,4.0,5203,3315,4.5,2.0
16.2,20260418-230114,1241,1286,18,1259,True,14,3421,0,10,ar,5000,5000,tie,0,0.0,5203,3315,5.0,2.5
16.2,20260418-230114,1241,1286,18,1259,True,14,3421,0,11,za,4370,4880,opp,1275,2.5,3928,3315,5.0,3.0
16.2,20260418-230114,1241,1286,18,1259,True,14,3421,0,12,gr,4716,4885,opp,507,3.0,3421,3315,5.0,3.5
16.2,20260418-230114,1241,1286,18,1259,True,14,3421,0,13,pl,4807,4591,me,1080,5.0,3421,2235,5.5,3.5
16.2,20260418-230114,1241,1286,18,1259,True,14,3421,0,14,mx,4998,4170,me,4554,5.5,3421,0,6.0,3.5
16.2,20260418-230634,1259,1268,16,1275,True,7,1796,0,1,de,3377,3651,opp,274,1.0,5726,6000,1.0,1.5
16.2,20260418-230634,1259,1268,16,1275,True,7,1796,0,2,us:ut,3169,4997,opp,2742,1.5,2984,6000,1.0,2.0
16.2,20260418-230634,1259,1268,16,1275,True,7,1796,0,3,us:or,4806,4996,opp,380,2.0,2604,6000,1.0,2.5
16.2,20260418-230634,1259,1268,16,1275,True,7,1796,0,4,id,4640,4963,opp,808,2.5,1796,6000,1.0,3.0
16.2,20260418-230634,1259,1268,16,1275,True,7,1796,0,5,mx,4995,4800,me,195,1.0,1796,5805,1.5,3.0
16.2,20260418-230634,1259,1268,16,1275,True,7,1796,0,6,us:ga,4594,2788,me,2709,1.5,1796,3096,2.0,3.0
16.2,20260418-230634,1259,1268,16,1275,True,7,1796,0,7,pe,4997,2933,me,4128,2.0,1796,0,2.5,3.0
16.2,20260418-231014,1275,0,17,1292,True,3,6000,0,1,uk,4884,4626,me,258,1.0,6000,5742,1.5,1.0
16.2,20260418-231014,1275,0,17,1292,True,3,6000,0,2,id,4881,2603,me,3417,1.5,6000,2325,2.0,1.0
16.2,20260418-231014,1275,0,17,1292,True,3,6000,0,3,ca,4903,2994,me,3818,2.0,6000,0,2.5,1.0
16.2,20260418-231239,1292,1154,10,1302,True,10,5116,0,1,mx,4619,4469,me,150,1.0,6000,5850,1.5,1.0
16.2,20260418-231239,1292,1154,10,1302,True,10,5116,0,2,cl,4825,5000,opp,175,1.0,5825,5850,1.5,1.5
16.2,20260418-231239,1292,1154,10,1302,True,10,5116,0,3,us:pa,4582,4262,me,480,1.5,5825,5370,2.0,1.5
16.2,20260418-231239,1292,1154,10,1302,True,10,5116,0,4,ca,4668,4857,opp,284,1.5,5541,5370,2.0,2.0
16.2,20260418-231239,1292,1154,10,1302,True,10,5116,0,5,fr,4859,4865,opp,12,2.0,5529,5370,2.0,2.5
16.2,20260418-231239,1292,1154,10,1302,True,10,5116,0,6,za,4824,4850,opp,65,2.5,5464,5370,2.0,3.0
16.2,20260418-231239,1292,1154,10,1302,True,10,5116,0,7,br,4437,4373,me,128,2.0,5464,5242,2.5,3.0
16.2,20260418-231239,1292,1154,10,1302,True,10,5116,0,8,ph,4998,4962,me,90,2.5,5464,5152,3.0,3.0
16.2,20260418-231239,1292,1154,10,1302,True,10,5116,0,9,my,4866,4982,opp,348,3.0,5116,5152,3.0,3.5
16.2,20260418-231239,1292,1154,10,1302,True,10,5116,0,10,ca,4950,3217,me,5199,3.0,5116,0,3.5,3.5
16.2,20260418-231854,1302,1284,-17,1285,False,14,0,4812,1,in,4459,4994,opp,535,1.0,5465,6000,1.0,1.5
16.2,20260418-231854,1302,1284,-17,1285,False,14,0,4812,2,pe,4996,4994,me,2,1.0,5465,5998,1.5,1.5
16.2,20260418-231854,1302,1284,-17,1285,False,14,0,4812,3,ec,4812,4964,opp,228,1.5,5237,5998,1.5,2.0
16.2,20260418-231854,1302,1284,-17,1285,False,14,0,4812,4,hr,4947,4950,opp,6,2.0,5231,5998,1.5,2.5
16.2,20260418-231854,1302,1284,-17,1285,False,14,0,4812,5,mx,4877,4872,me,8,1.5,5231,5990,2.0,2.5
16.2,20260418-231854,1302,1284,-17,1285,False,14,0,4812,6,es,4987,4996,opp,23,2.5,5208,5990,2.0,3.0
16.2,20260418-231854,1302,1284,-17,1285,False,14,0,4812,7,nz,4999,4668,me,662,2.0,5208,5328,2.5,3.0
16.2,20260418-231854,1302,1284,-17,1285,False,14,0,4812,8,id,1903,1955,opp,156,3.0,5052,5328,2.5,3.5
16.2,20260418-231854,1302,1284,-17,1285,False,14,0,4812,9,jp,4946,4947,opp,4,3.5,5048,5328,2.5,4.0
16.2,20260418-231854,1302,1284,-17,1285,False,14,0,4812,10,fr,4981,4909,me,180,2.5,5048,5148,3.0,4.0
16.2,20260418-231854,1302,1284,-17,1285,False,14,0,4812,11,uy,3091,4253,opp,4648,4.0,400,5148,3.0,4.5
16.2,20260418-231854,1302,1284,-17,1285,False,14,0,4812,12,br,4889,4777,me,336,3.0,400,4812,3.5,4.5
16.2,20260418-231854,1302,1284,-17,1285,False,14,0,4812,13,gh,4969,4986,opp,77,4.5,323,4812,3.5,5.0
16.2,20260418-231854,1302,1284,-17,1285,False,14,0,4812,14,us:va,4491,4771,opp,1400,5.0,0,4812,3.5,5.5
16.2,20260418-232444,1285,1284,-16,1269,False,12,0,204,1,au,4268,5000,opp,732,1.0,5268,6000,1.0,1.5
16.2,20260418-232444,1285,1284,-16,1269,False,12,0,204,2,it,4936,3654,me,1282,1.0,5268,4718,1.5,1.5
16.2,20260418-232444,1285,1284,-16,1269,False,12,0,204,3,bd,4743,4693,me,75,1.5,5268,4643,2.0,1.5
16.2,20260418-232444,1285,1284,-16,1269,False,12,0,204,4,ng,3923,4982,opp,1589,1.5,3679,4643,2.0,2.0
16.2,20260418-232444,1285,1284,-16,1269,False,12,0,204,5,ch,4004,4856,opp,1704,2.0,1975,4643,2.0,2.5
16.2,20260418-232444,1285,1284,-16,1269,False,12,0,204,6,in,4660,4302,me,716,2.0,1975,3927,2.5,2.5
16.2,20260418-232444,1285,1284,-16,1269,False,12,0,204,7,br,4736,4564,me,430,2.5,1975,3497,3.0,2.5
16.2,20260418-232444,1285,1284,-16,1269,False,12,0,204,8,za,4898,4711,me,561,3.0,1975,2936,3.5,2.5
16.2,20260418-232444,1285,1284,-16,1269,False,12,0,204,9,za,4309,4996,opp,1718,2.5,257,2936,3.5,3.0
16.2,20260418-232444,1285,1284,-16,1269,False,12,0,204,10,ru,2542,2014,me,1848,3.5,257,1088,4.0,3.0
16.2,20260418-232444,1285,1284,-16,1269,False,12,0,204,11,mx,4768,4547,me,884,4.0,257,204,4.5,3.0
16.2,20260418-232444,1285,1284,-16,1269,False,12,0,204,12,id,4591,4739,opp,444,3.0,0,204,4.5,3.5
16.2,20260418-232800,1269,1240,15,1284,True,9,4757,0,1,py,4364,4994,opp,630,1.0,5370,6000,1.0,1.5
16.2,20260418-232800,1269,1240,15,1284,True,9,4757,0,2,uk,4956,4975,opp,29,1.5,5341,6000,1.0,2.0
16.2,20260418-232800,1269,1240,15,1284,True,9,4757,0,3,pt,4966,4999,opp,66,2.0,5275,6000,1.0,2.5
16.2,20260418-232800,1269,1240,15,1284,True,9,4757,0,4,cz,4999,4977,me,22,1.0,5275,5978,1.5,2.5
16.2,20260418-232800,1269,1240,15,1284,True,9,4757,0,5,mx,4999,4318,me,1022,1.5,5275,4956,2.0,2.5
16.2,20260418-232800,1269,1240,15,1284,True,9,4757,0,6,za,4793,5000,opp,518,2.5,4757,4956,2.0,3.0
16.2,20260418-232800,1269,1240,15,1284,True,9,4757,0,7,uk,4939,4555,me,768,2.0,4757,4188,2.5,3.0
16.2,20260418-232800,1269,1240,15,1284,True,9,4757,0,8,kr,4591,4333,me,645,2.5,4757,3543,3.0,3.0
16.2,20260418-232800,1269,1240,15,1284,True,9,4757,0,9,rw,4792,3043,me,5247,3.0,4757,0,3.5,3.0
16.2,20260418-233140,1284,1225,-19,1265,False,16,0,184,1,br,4586,4893,opp,307,1.0,5693,6000,1.0,1.5
16.2,20260418-233140,1284,1225,-19,1265,False,16,0,184,2,ro,4183,4255,opp,108,1.5,5585,6000,1.0,2.0
16.2,20260418-233140,1284,1225,-19,1265,False,16,0,184,3,lv,4752,4999,opp,494,2.0,5091,6000,1.0,2.5
16.2,20260418-233140,1284,1225,-19,1265,False,16,0,184,4,ch,4893,4991,opp,245,2.5,4846,6000,1.0,3.0
16.2,20260418-233140,1284,1225,-19,1265,False,16,0,184,5,de,4999,4313,me,686,1.0,4846,5314,1.5,3.0
16.2,20260418-233140,1284,1225,-19,1265,False,16,0,184,6,ee,4997,4995,me,3,1.5,4846,5311,2.0,3.0
16.2,20260418-233140,1284,1225,-19,1265,False,16,0,184,7,gh,4990,4623,me,734,2.0,4846,4577,2.5,3.0
16.2,20260418-233140,1284,1225,-19,1265,False,16,0,184,8,id,4977,4973,me,10,2.5,4846,4567,3.0,3.0
16.2,20260418-233140,1284,1225,-19,1265,False,16,0,184,9,rs,4906,4993,opp,261,3.0,4585,4567,3.0,3.5
16.2,20260418-233140,1284,1225,-19,1265,False,16,0,184,10,gr,4172,4974,opp,2807,3.5,1778,4567,3.0,4.0
16.2,20260418-233140,1284,1225,-19,1265,False,16,0,184,11,us:mn,4646,4756,opp,440,4.0,1338,4567,3.0,4.5
16.2,20260418-233140,1284,1225,-19,1265,False,16,0,184,12,tr,5000,3840,me,3480,3.0,1338,1087,3.5,4.5
16.2,20260418-233140,1284,1225,-19,1265,False,16,0,184,13,lk,4663,4794,opp,590,4.5,748,1087,3.5,5.0
16.2,20260418-233140,1284,1225,-19,1265,False,16,0,184,14,jp,4740,4791,opp,255,5.0,493,1087,3.5,5.5
16.2,20260418-233140,1284,1225,-19,1265,False,16,0,184,15,tr,4831,4573,me,903,3.5,493,184,4.0,5.5
16.2,20260418-233140,1284,1225,-19,1265,False,16,0,184,16,in,4133,4636,opp,2767,5.5,0,184,4.0,6.0
16.3,20260418-233821,1265,1258,16,1281,True,10,626,0,1,tr,4146,4999,opp,853,1.0,5147,6000,1.0,1.5
16.3,20260418-233821,1265,1258,16,1281,True,10,626,0,2,ec,4997,4407,me,590,1.0,5147,5410,1.5,1.5
16.3,20260418-233821,1265,1258,16,1281,True,10,626,0,3,jp,4652,4493,me,239,1.5,5147,5171,2.0,1.5
16.3,20260418-233821,1265,1258,16,1281,True,10,626,0,4,lu,5000,5000,tie,0,0.0,5147,5171,2.5,2.0
16.3,20260418-233821,1265,1258,16,1281,True,10,626,0,5,ar,4699,3810,me,2223,2.5,5147,2948,3.0,2.0
16.3,20260418-233821,1265,1258,16,1281,True,10,626,0,6,rs,4998,4914,me,252,3.0,5147,2696,3.5,2.0
16.3,20260418-233821,1265,1258,16,1281,True,10,626,0,7,uk,4229,4997,opp,1536,2.0,3611,2696,3.5,2.5
16.3,20260418-233821,1265,1258,16,1281,True,10,626,0,8,co,4852,4669,me,641,3.5,3611,2055,4.0,2.5
16.3,20260418-233821,1265,1258,16,1281,True,10,626,0,9,ar,3426,4620,opp,2985,2.5,626,2055,4.0,3.0
16.3,20260418-233821,1265,1258,16,1281,True,10,626,0,10,mx,4936,4263,me,2692,4.0,626,0,4.5,3.0
16.3,20260418-234225,1281,1168,11,1292,True,7,1486,0,1,tr,3891,4453,opp,562,1.0,5438,6000,1.0,1.5
16.3,20260418-234225,1281,1168,11,1292,True,7,1486,0,2,us:ia,5000,4691,me,309,1.0,5438,5691,1.5,1.5
16.3,20260418-234225,1281,1168,11,1292,True,7,1486,0,3,ru,2359,4863,opp,3756,1.5,1682,5691,1.5,2.0
16.3,20260418-234225,1281,1168,11,1292,True,7,1486,0,4,au,4998,4059,me,1409,1.5,1682,4282,2.0,2.0
16.3,20260418-234225,1281,1168,11,1292,True,7,1486,0,5,fr,4810,4908,opp,196,2.0,1486,4282,2.0,2.5
16.3,20260418-234225,1281,1168,11,1292,True,7,1486,0,6,ng,4528,4048,me,960,2.0,1486,3322,2.5,2.5
16.3,20260418-234225,1281,1168,11,1292,True,7,1486,0,7,es,4773,3326,me,3618,2.5,1486,0,3.0,2.5
16.3,20260418-234541,1292,1383,-12,1280,False,6,0,5942,1,cy,4975,4999,opp,24,1.0,5976,6000,1.0,1.5
16.3,20260418-234541,1292,1383,-12,1280,False,6,0,5942,2,pr,4953,4962,opp,14,1.5,5962,6000,1.0,2.0
16.3,20260418-234541,1292,1383,-12,1280,False,6,0,5942,3,it,4996,4938,me,58,1.0,5962,5942,1.5,2.0
16.3,20260418-234541,1292,1383,-12,1280,False,6,0,5942,4,in,3937,4996,opp,2118,2.0,3844,5942,1.5,2.5
16.3,20260418-234541,1292,1383,-12,1280,False,6,0,5942,5,kz,4801,4945,opp,360,2.5,3484,5942,1.5,3.0
16.3,20260418-234541,1292,1383,-12,1280,False,6,0,5942,6,ru,863,4354,opp,10473,3.0,0,5942,1.5,3.5
16.3,20260418-234813,1280,0,-15,1265,False,8,0,3346,1,jp,4281,4996,opp,715,1.0,5285,6000,1.0,1.5
16.3,20260418-234813,1280,0,-15,1265,False,8,0,3346,2,in,4977,4675,me,302,1.0,5285,5698,1.5,1.5
16.3,20260418-234813,1280,0,-15,1265,False,8,0,3346,3,uk,4997,4635,me,543,1.5,5285,5155,2.0,1.5
16.3,20260418-234813,1280,0,-15,1265,False,8,0,3346,4,ie,4996,4299,me,1394,2.0,5285,3761,2.5,1.5
16.3,20260418-234813,1280,0,-15,1265,False,8,0,3346,5,br,4699,4623,me,190,2.5,5285,3571,3.0,1.5
16.3,20260418-234813,1280,0,-15,1265,False,8,0,3346,6,my,4947,4872,me,225,3.0,5285,3346,3.5,1.5
16.3,20260418-234813,1280,0,-15,1265,False,8,0,3346,7,nz,4941,4959,opp,27,1.5,5258,3346,3.5,2.0
16.3,20260418-234813,1280,0,-15,1265,False,8,0,3346,8,ca,1752,4969,opp,6434,2.0,0,3346,3.5,2.5
16.3,20260418-235147,1265,1322,-13,1252,False,11,0,3125,1,jp,4972,4784,me,188,1.0,6000,5812,1.5,1.0
16.3,20260418-235147,1265,1322,-13,1252,False,11,0,3125,2,us:wi,4847,3953,me,1341,1.5,6000,4471,2.0,1.0
16.3,20260418-235147,1265,1322,-13,1252,False,11,0,3125,3,gr,4632,4757,opp,125,1.0,5875,4471,2.0,1.5
16.3,20260418-235147,1265,1322,-13,1252,False,11,0,3125,4,mx,4097,4995,opp,1347,1.5,4528,4471,2.0,2.0
16.3,20260418-235147,1265,1322,-13,1252,False,11,0,3125,5,cl,3471,4863,opp,2784,2.0,1744,4471,2.0,2.5
16.3,20260418-235147,1265,1322,-13,1252,False,11,0,3125,6,es,4999,4947,me,104,2.0,1744,4367,2.5,2.5
16.3,20260418-235147,1265,1322,-13,1252,False,11,0,3125,7,id,4983,4886,me,243,2.5,1744,4124,3.0,2.5
16.3,20260418-235147,1265,1322,-13,1252,False,11,0,3125,8,tr,4784,4810,opp,65,2.5,1679,4124,3.0,3.0
16.3,20260418-235147,1265,1322,-13,1252,False,11,0,3125,9,it,4947,4614,me,999,3.0,1679,3125,3.5,3.0
16.3,20260418-235147,1265,1322,-13,1252,False,11,0,3125,10,uk,4756,4929,opp,519,3.0,1160,3125,3.5,3.5
16.3,20260418-235147,1265,1322,-13,1252,False,11,0,3125,11,na,4610,4997,opp,1355,3.5,0,3125,3.5,4.0
16.3,20260419-000039,1252,1159,-20,1232,False,7,0,5490,1,au,3294,4943,opp,1649,1.0,4351,6000,1.0,1.5
16.3,20260419-000039,1252,1159,-20,1232,False,7,0,5490,2,ca,4914,4578,me,336,1.0,4351,5664,1.5,1.5
16.3,20260419-000039,1252,1159,-20,1232,False,7,0,5490,3,pt,4711,4622,me,134,1.5,4351,5530,2.0,1.5
16.3,20260419-000039,1252,1159,-20,1232,False,7,0,5490,4,uk,4789,4849,opp,90,1.5,4261,5530,2.0,2.0
16.3,20260419-000039,1252,1159,-20,1232,False,7,0,5490,5,us:ar,3429,4067,opp,1276,2.0,2985,5530,2.0,2.5
16.3,20260419-000039,1252,1159,-20,1232,False,7,0,5490,6,hu,4891,4871,me,40,2.0,2985,5490,2.5,2.5
16.3,20260419-000039,1252,1159,-20,1232,False,7,0,5490,7,br,2274,4685,opp,6028,2.5,0,5490,2.5,3.0
16.3,20260419-000318,1232,1148,-20,1212,False,9,0,2638,1,jp,3318,4525,opp,1207,1.0,4793,6000,1.0,1.5
16.3,20260419-000318,1232,1148,-20,1212,False,9,0,2638,2,bg,4737,4865,opp,192,1.5,4601,6000,1.0,2.0
16.3,20260419-000318,1232,1148,-20,1212,False,9,0,2638,3,it,4891,3834,me,1057,1.0,4601,4943,1.5,2.0
16.3,20260419-000318,1232,1148,-20,1212,False,9,0,2638,4,de,4572,4983,opp,822,2.0,3779,4943,1.5,2.5
16.3,20260419-000318,1232,1148,-20,1212,False,9,0,2638,5,in,4989,3722,me,1901,1.5,3779,3042,2.0,2.5
16.3,20260419-000318,1232,1148,-20,1212,False,9,0,2638,6,tw,4990,4788,me,404,2.0,3779,2638,2.5,2.5
16.3,20260419-000318,1232,1148,-20,1212,False,9,0,2638,7,lv,4658,4967,opp,773,2.5,3006,2638,2.5,3.0
16.3,20260419-000318,1232,1148,-20,1212,False,9,0,2638,8,se,4862,4981,opp,357,3.0,2649,2638,2.5,3.5
16.3,20260419-000318,1232,1148,-20,1212,False,9,0,2638,9,np,3342,4409,opp,3735,3.5,0,2638,2.5,4.0
16.3,20260419-000740,1212,1355,-10,1202,False,8,0,5761,1,in,2927,4498,opp,1571,1.0,4429,6000,1.0,1.5
16.3,20260419-000740,1212,1355,-10,1202,False,8,0,5761,2,ca,4988,4866,me,122,1.0,4429,5878,1.5,1.5
16.3,20260419-000740,1212,1355,-10,1202,False,8,0,5761,3,pe,4624,4960,opp,504,1.5,3925,5878,1.5,2.0
16.3,20260419-000740,1212,1355,-10,1202,False,8,0,5761,4,us:sd,3603,4996,opp,2786,2.0,1139,5878,1.5,2.5
16.3,20260419-000740,1212,1355,-10,1202,False,8,0,5761,5,us:ca,4392,4408,opp,40,2.5,1099,5878,1.5,3.0
16.3,20260419-000740,1212,1355,-10,1202,False,8,0,5761,6,is,4877,5000,opp,369,3.0,730,5878,1.5,3.5
16.3,20260419-000740,1212,1355,-10,1202,False,8,0,5761,7,in,4636,4558,me,117,1.5,730,5761,2.0,3.5
16.3,20260419-000740,1212,1355,-10,1202,False,8,0,5761,8,kz,3418,4991,opp,5506,3.5,0,5761,2.0,4.0
16.3,20260419-001203,1202,1273,19,1221,True,4,5729,0,1,ar,4763,3770,me,993,1.0,6000,5007,1.5,1.0
16.3,20260419-001203,1202,1273,19,1221,True,4,5729,0,2,mx,5000,2526,me,3711,1.5,6000,1296,2.0,1.0
16.3,20260419-001203,1202,1273,19,1221,True,4,5729,0,3,mx,4717,4988,opp,271,1.0,5729,1296,2.0,1.5
16.3,20260419-001203,1202,1273,19,1221,True,4,5729,0,4,mx,4960,3576,me,2768,2.0,5729,0,2.5,1.5
16.3,20260419-001327,1221,1326,21,1242,True,9,5401,0,1,ua,3936,4463,opp,527,1.0,5473,6000,1.0,1.5
16.3,20260419-001327,1221,1326,21,1242,True,9,5401,0,2,au,4497,4371,me,126,1.0,5473,5874,1.5,1.5
16.3,20260419-001327,1221,1326,21,1242,True,9,5401,0,3,es,4996,4963,me,50,1.5,5473,5824,2.0,1.5
16.3,20260419-001327,1221,1326,21,1242,True,9,5401,0,4,br,4234,4085,me,298,2.0,5473,5526,2.5,1.5
16.3,20260419-001327,1221,1326,21,1242,True,9,5401,0,5,qa,4972,4963,me,23,2.5,5473,5503,3.0,1.5
16.3,20260419-001327,1221,1326,21,1242,True,9,5401,0,6,us:oh,4951,4999,opp,72,1.5,5401,5503,3.0,2.0
16.3,20260419-001327,1221,1326,21,1242,True,9,5401,0,7,ph,4998,4150,me,2544,3.0,5401,2959,3.5,2.0
16.3,20260419-001327,1221,1326,21,1242,True,9,5401,0,8,pe,4995,4441,me,1939,3.5,5401,1020,4.0,2.0
16.3,20260419-001327,1221,1326,21,1242,True,9,5401,0,9,br,4180,3852,me,1312,4.0,5401,0,4.5,2.0
16.3,20260419-001722,1242,1166,-19,1223,False,12,0,5807,1,sg,4986,4985,me,1,1.0,6000,5999,1.5,1.0
16.3,20260419-001722,1242,1166,-19,1223,False,12,0,5807,2,jp,4675,4998,opp,323,1.0,5677,5999,1.5,1.5
16.3,20260419-001722,1242,1166,-19,1223,False,12,0,5807,3,gr,4777,4849,opp,108,1.5,5569,5999,1.5,2.0
16.3,20260419-001722,1242,1166,-19,1223,False,12,0,5807,4,tw,4647,4919,opp,544,2.0,5025,5999,1.5,2.5
16.3,20260419-001722,1242,1166,-19,1223,False,12,0,5807,5,ar,4534,4896,opp,905,2.5,4120,5999,1.5,3.0
16.3,20260419-001722,1242,1166,-19,1223,False,12,0,5807,6,mx,4937,4867,me,105,1.5,4120,5894,2.0,3.0
16.3,20260419-001722,1242,1166,-19,1223,False,12,0,5807,7,uk,4994,4993,me,2,2.0,4120,5892,2.5,3.0
16.3,20260419-001722,1242,1166,-19,1223,False,12,0,5807,8,us:hi,4995,4961,me,85,2.5,4120,5807,3.0,3.0
16.3,20260419-001722,1242,1166,-19,1223,False,12,0,5807,9,se,4396,4974,opp,1734,3.0,2386,5807,3.0,3.5
16.3,20260419-001722,1242,1166,-19,1223,False,12,0,5807,10,ru,3573,4111,opp,1883,3.5,503,5807,3.0,4.0
16.3,20260419-001722,1242,1166,-19,1223,False,12,0,5807,11,au,4883,4997,opp,456,4.0,47,5807,3.0,4.5
16.3,20260419-001722,1242,1166,-19,1223,False,12,0,5807,12,es,4431,4470,opp,176,4.5,0,5807,3.0,5.0
16.4,20260419-002407,1223,1142,-20,1203,False,14,0,2057,1,ca,4024,4820,opp,796,1.0,5204,6000,1.0,1.5
16.4,20260419-002407,1223,1142,-20,1203,False,14,0,2057,2,jp,4888,4801,me,87,1.0,5204,5913,1.5,1.5
16.4,20260419-002407,1223,1142,-20,1203,False,14,0,2057,3,gr,4938,4731,me,311,1.5,5204,5602,2.0,1.5
16.4,20260419-002407,1223,1142,-20,1203,False,14,0,2057,4,mx,4979,4049,me,1860,2.0,5204,3742,2.5,1.5
16.4,20260419-002407,1223,1142,-20,1203,False,14,0,2057,5,de,4466,4978,opp,768,1.5,4436,3742,2.5,2.0
16.4,20260419-002407,1223,1142,-20,1203,False,14,0,2057,6,py,4943,4891,me,130,2.5,4436,3612,3.0,2.0
16.4,20260419-002407,1223,1142,-20,1203,False,14,0,2057,7,cz,4992,4871,me,363,3.0,4436,3249,3.5,2.0
16.4,20260419-002407,1223,1142,-20,1203,False,14,0,2057,8,in,4257,4926,opp,1338,2.0,3098,3249,3.5,2.5
16.4,20260419-002407,1223,1142,-20,1203,False,14,0,2057,9,id,4773,4688,me,298,3.5,3098,2951,4.0,2.5
16.4,20260419-002407,1223,1142,-20,1203,False,14,0,2057,10,ng,4999,4999,tie,0,0.0,3098,2951,4.5,3.0
16.4,20260419-002407,1223,1142,-20,1203,False,14,0,2057,11,es,4995,4854,me,635,4.5,3098,2316,5.0,3.0
16.4,20260419-002407,1223,1142,-20,1203,False,14,0,2057,12,in,4994,4994,tie,0,0.0,3098,2316,5.5,3.5
16.4,20260419-002407,1223,1142,-20,1203,False,14,0,2057,13,it,4950,4903,me,259,5.5,3098,2057,6.0,3.5
16.4,20260419-002407,1223,1142,-20,1203,False,14,0,2057,14,pl,3533,4870,opp,4680,3.5,0,2057,6.0,4.0
16.4,20260419-002900,1203,1162,-18,1185,False,9,0,5225,1,nl,4994,4977,me,17,1.0,6000,5983,1.5,1.0
16.4,20260419-002900,1203,1162,-18,1185,False,9,0,5225,2,us:nd,4993,4492,me,752,1.5,6000,5231,2.0,1.0
16.4,20260419-002900,1203,1162,-18,1185,False,9,0,5225,3,pa,4600,4715,opp,115,1.0,5885,5231,2.0,1.5
16.4,20260419-002900,1203,1162,-18,1185,False,9,0,5225,4,tr,4634,4997,opp,545,1.5,5340,5231,2.0,2.0
16.4,20260419-002900,1203,1162,-18,1185,False,9,0,5225,5,us:il,4223,4786,opp,1126,2.0,4214,5231,2.0,2.5
16.4,20260419-002900,1203,1162,-18,1185,False,9,0,5225,6,mx,4625,4777,opp,380,2.5,3834,5231,2.0,3.0
16.4,20260419-002900,1203,1162,-18,1185,False,9,0,5225,7,id,4593,4996,opp,1209,3.0,2625,5231,2.0,3.5
16.4,20260419-002900,1203,1162,-18,1185,False,9,0,5225,8,pe,4998,4995,me,6,2.0,2625,5225,2.5,3.5
16.4,20260419-002900,1203,1162,-18,1185,False,9,0,5225,9,us:ok,3494,4602,opp,3878,3.5,0,5225,2.5,4.0
16.4,20260419-003204,1185,1180,-16,1169,False,3,0,4371,1,my,3385,4995,opp,1610,1.0,4390,6000,1.0,1.5
16.4,20260419-003204,1185,1180,-16,1169,False,3,0,4371,2,vn,4854,3225,me,1629,1.0,4390,4371,1.5,1.5
16.4,20260419-003204,1185,1180,-16,1169,False,3,0,4371,3,ru,1194,4985,opp,5687,1.5,0,4371,1.5,2.0
16.4,20260419-003335,1169,1150,-17,1152,False,16,0,1101,1,it,4996,4859,me,137,1.0,6000,5863,1.5,1.0
16.4,20260419-003335,1169,1150,-17,1152,False,16,0,1101,2,my,4997,4993,me,6,1.5,6000,5857,2.0,1.0
16.4,20260419-003335,1169,1150,-17,1152,False,16,0,1101,3,br,4618,5000,opp,382,1.0,5618,5857,2.0,1.5
16.4,20260419-003335,1169,1150,-17,1152,False,16,0,1101,4,in,4847,3123,me,3448,2.0,5618,2409,2.5,1.5
16.4,20260419-003335,1169,1150,-17,1152,False,16,0,1101,5,br,5000,4537,me,1158,2.5,5618,1251,3.0,1.5
16.4,20260419-003335,1169,1150,-17,1152,False,16,0,1101,6,in,3926,4999,opp,1610,1.5,4008,1251,3.0,2.0
16.4,20260419-003335,1169,1150,-17,1152,False,16,0,1101,7,ar,4973,4999,opp,52,2.0,3956,1251,3.0,2.5
16.4,20260419-003335,1169,1150,-17,1152,False,16,0,1101,8,uk,4959,4930,me,87,3.0,3956,1164,3.5,2.5
16.4,20260419-003335,1169,1150,-17,1152,False,16,0,1101,9,jp,4087,4773,opp,1715,2.5,2241,1164,3.5,3.0
16.4,20260419-003335,1169,1150,-17,1152,False,16,0,1101,10,at,4969,5000,opp,93,3.0,2148,1164,3.5,3.5
16.4,20260419-003335,1169,1150,-17,1152,False,16,0,1101,11,fr,4905,4887,me,63,3.5,2148,1101,4.0,3.5
16.4,20260419-003335,1169,1150,-17,1152,False,16,0,1101,12,ru,4549,4555,opp,21,3.5,2127,1101,4.0,4.0
16.4,20260419-003335,1169,1150,-17,1152,False,16,0,1101,13,ph,5000,5000,tie,0,0.0,2127,1101,4.5,4.5
16.4,20260419-003335,1169,1150,-17,1152,False,16,0,1101,14,co,4699,4999,opp,1350,4.5,777,1101,4.5,5.0
16.4,20260419-003335,1169,1150,-17,1152,False,16,0,1101,15,uk,4998,5000,opp,10,5.0,767,1101,4.5,5.5
16.4,20260419-003335,1169,1150,-17,1152,False,16,0,1101,16,ca,3035,5000,opp,10808,5.5,0,1101,4.5,6.0
16.4,20260419-004202,1152,1211,19,1171,True,10,5458,0,1,jp,4759,4777,opp,18,1.0,5982,6000,1.0,1.5
16.4,20260419-004202,1152,1211,19,1171,True,10,5458,0,2,jp,4723,4979,opp,384,1.5,5598,6000,1.0,2.0
16.4,20260419-004202,1152,1211,19,1171,True,10,5458,0,3,ca,4707,3525,me,1182,1.0,5598,4818,1.5,2.0
16.4,20260419-004202,1152,1211,19,1171,True,10,5458,0,4,mx,4795,4533,me,393,1.5,5598,4425,2.0,2.0
16.4,20260419-004202,1152,1211,19,1171,True,10,5458,0,5,ca,4986,4877,me,218,2.0,5598,4207,2.5,2.0
16.4,20260419-004202,1152,1211,19,1171,True,10,5458,0,6,us:az,5000,4168,me,2080,2.5,5598,2127,3.0,2.0
16.4,20260419-004202,1152,1211,19,1171,True,10,5458,0,7,co,4741,4811,opp,140,2.0,5458,2127,3.0,2.5
16.4,20260419-004202,1152,1211,19,1171,True,10,5458,0,8,ie,4888,4374,me,1542,3.0,5458,585,3.5,2.5
16.4,20260419-004202,1152,1211,19,1171,True,10,5458,0,9,cl,4923,4878,me,158,3.5,5458,427,4.0,2.5
16.4,20260419-004202,1152,1211,19,1171,True,10,5458,0,10,uk,4997,4850,me,588,4.0,5458,0,4.5,2.5
16.4,20260419-004554,1171,1219,18,1189,True,7,5869,0,1,ru,4705,3885,me,820,1.0,6000,5180,1.5,1.0
16.4,20260419-004554,1171,1219,18,1189,True,7,5869,0,2,br,4644,4769,opp,125,1.0,5875,5180,1.5,1.5
16.4,20260419-004554,1171,1219,18,1189,True,7,5869,0,3,ph,4965,4091,me,1311,1.5,5875,3869,2.0,1.5
16.4,20260419-004554,1171,1219,18,1189,True,7,5869,0,4,it,4990,4944,me,92,2.0,5875,3777,2.5,1.5
16.4,20260419-004554,1171,1219,18,1189,True,7,5869,0,5,jp,4949,4953,opp,6,1.5,5869,3777,2.5,2.0
16.4,20260419-004554,1171,1219,18,1189,True,7,5869,0,6,de,4975,4691,me,710,2.5,5869,3067,3.0,2.0
16.4,20260419-004554,1171,1219,18,1189,True,7,5869,0,7,br,4961,2774,me,6561,3.0,5869,0,3.5,2.0
16.4,20260419-004807,1189,1147,14,1203,True,7,3643,0,1,in,4676,3556,me,1120,1.0,6000,4880,1.5,1.0
16.4,20260419-004807,1189,1147,14,1203,True,7,3643,0,2,fr,4998,4615,me,575,1.5,6000,4305,2.0,1.0
16.4,20260419-004807,1189,1147,14,1203,True,7,3643,0,3,at,4881,4875,me,12,2.0,6000,4293,2.5,1.0
16.4,20260419-004807,1189,1147,14,1203,True,7,3643,0,4,ca,2641,4998,opp,2357,1.0,3643,4293,2.5,1.5
16.4,20260419-004807,1189,1147,14,1203,True,7,3643,0,5,no,4978,4664,me,785,2.5,3643,3508,3.0,1.5
16.4,20260419-004807,1189,1147,14,1203,True,7,3643,0,6,cl,4984,4421,me,1689,3.0,3643,1819,3.5,1.5
16.4,20260419-004807,1189,1147,14,1203,True,7,3643,0,7,za,4245,2991,me,4389,3.5,3643,0,4.0,1.5
16.4,20260419-005035,1203,1288,-12,1191,False,12,0,2845,1,nl,4995,4792,me,203,1.0,6000,5797,1.5,1.0
16.4,20260419-005035,1203,1288,-12,1191,False,12,0,2845,2,pe,5000,4744,me,384,1.5,6000,5413,2.0,1.0
16.4,20260419-005035,1203,1288,-12,1191,False,12,0,2845,3,tr,4997,4997,tie,0,0.0,6000,5413,2.5,1.5
16.4,20260419-005035,1203,1288,-12,1191,False,12,0,2845,4,it,4418,4968,opp,825,1.5,5175,5413,2.5,2.0
16.4,20260419-005035,1203,1288,-12,1191,False,12,0,2845,5,de,3891,4957,opp,2132,2.0,3043,5413,2.5,2.5
16.4,20260419-005035,1203,1288,-12,1191,False,12,0,2845,6,se,5000,4992,me,20,2.5,3043,5393,3.0,2.5
16.4,20260419-005035,1203,1288,-12,1191,False,12,0,2845,7,de,4823,4939,opp,290,2.5,2753,5393,3.0,3.0
16.4,20260419-005035,1203,1288,-12,1191,False,12,0,2845,8,my,4910,4990,opp,240,3.0,2513,5393,3.0,3.5
16.4,20260419-005035,1203,1288,-12,1191,False,12,0,2845,9,co,4892,4385,me,1521,3.0,2513,3872,3.5,3.5
16.4,20260419-005035,1203,1288,-12,1191,False,12,0,2845,10,sk,4957,4827,me,455,3.5,2513,3417,4.0,3.5
16.4,20260419-005035,1203,1288,-12,1191,False,12,0,2845,11,jp,4943,4800,me,572,4.0,2513,2845,4.5,3.5
16.4,20260419-005035,1203,1288,-12,1191,False,12,0,2845,12,us:ca,1046,4992,opp,13811,3.5,0,2845,4.5,4.0
16.4,20260419-005615,1191,1143,-18,1173,False,10,0,4951,1,kz,4983,4970,me,13,1.0,6000,5987,1.5,1.0
16.4,20260419-005615,1191,1143,-18,1173,False,10,0,4951,2,il,4986,4983,me,5,1.5,6000,5982,2.0,1.0
16.4,20260419-005615,1191,1143,-18,1173,False,10,0,4951,3,za,4993,4546,me,894,2.0,6000,5088,2.5,1.0
16.4,20260419-005615,1191,1143,-18,1173,False,10,0,4951,4,tr,4880,4870,me,25,2.5,6000,5063,3.0,1.0
16.4,20260419-005615,1191,1143,-18,1173,False,10,0,4951,5,fr,4998,4962,me,108,3.0,6000,4955,3.5,1.0
16.4,20260419-005615,1191,1143,-18,1173,False,10,0,4951,6,es,5000,4999,me,4,3.5,6000,4951,4.0,1.0
16.4,20260419-005615,1191,1143,-18,1173,False,10,0,4951,7,es,4144,4998,opp,854,1.0,5146,4951,4.0,1.5
16.4,20260419-005615,1191,1143,-18,1173,False,10,0,4951,8,ru,4428,4608,opp,270,1.5,4876,4951,4.0,2.0
16.4,20260419-005615,1191,1143,-18,1173,False,10,0,4951,9,ro,4678,4950,opp,544,2.0,4332,4951,4.0,2.5
16.4,20260419-005615,1191,1143,-18,1173,False,10,0,4951,10,my,2467,4926,opp,6148,2.5,0,4951,4.0,3.0
16.4,20260419-005926,1173,1194,17,1190,True,9,4921,0,1,au,4998,4996,me,2,1.0,6000,5998,1.5,1.0
16.4,20260419-005926,1173,1194,17,1190,True,9,4921,0,2,rs,4967,4411,me,834,1.5,6000,5164,2.0,1.0
16.4,20260419-005926,1173,1194,17,1190,True,9,4921,0,3,ng,4997,4833,me,328,2.0,6000,4836,2.5,1.0
16.4,20260419-005926,1173,1194,17,1190,True,9,4921,0,4,se,4997,4996,me,3,2.5,6000,4833,3.0,1.0
16.4,20260419-005926,1173,1194,17,1190,True,9,4921,0,5,cl,4989,4900,me,267,3.0,6000,4566,3.5,1.0
16.4,20260419-005926,1173,1194,17,1190,True,9,4921,0,6,th,4236,4844,opp,608,1.0,5392,4566,3.5,1.5
16.4,20260419-005926,1173,1194,17,1190,True,9,4921,0,7,in,3928,3904,me,84,3.5,5392,4482,4.0,1.5
16.4,20260419-005926,1173,1194,17,1190,True,9,4921,0,8,kh,4684,4998,opp,471,1.5,4921,4482,4.0,2.0
16.4,20260419-005926,1173,1194,17,1190,True,9,4921,0,9,ru,4613,2805,me,7232,4.0,4921,0,4.5,2.0
16.4,20260419-010319,1190,1177,-17,1173,False,10,0,3712,1,se,4861,4994,opp,133,1.0,5867,6000,1.0,1.5
16.4,20260419-010319,1190,1177,-17,1173,False,10,0,3712,2,id,4993,4809,me,184,1.0,5867,5816,1.5,1.5
16.4,20260419-010319,1190,1177,-17,1173,False,10,0,3712,3,it,4983,3857,me,1689,1.5,5867,4127,2.0,1.5
16.4,20260419-010319,1190,1177,-17,1173,False,10,0,3712,4,dk,4987,4998,opp,17,1.5,5850,4127,2.0,2.0
16.4,20260419-010319,1190,1177,-17,1173,False,10,0,3712,5,au,4749,4967,opp,436,2.0,5414,4127,2.0,2.5
16.4,20260419-010319,1190,1177,-17,1173,False,10,0,3712,6,it,4994,4909,me,170,2.0,5414,3957,2.5,2.5
16.4,20260419-010319,1190,1177,-17,1173,False,10,0,3712,7,vn,4367,4984,opp,1543,2.5,3871,3957,2.5,3.0
16.4,20260419-010319,1190,1177,-17,1173,False,10,0,3712,8,vn,4753,4655,me,245,2.5,3871,3712,3.0,3.0
16.4,20260419-010319,1190,1177,-17,1173,False,10,0,3712,9,kr,4554,4963,opp,1227,3.0,2644,3712,3.0,3.5
16.4,20260419-010319,1190,1177,-17,1173,False,10,0,3712,10,ru,2748,4458,opp,5985,3.5,0,3712,3.0,4.0
16.4,20260419-010721,1173,1194,-15,1158,False,9,0,5166,1,bw,4983,4955,me,28,1.0,6000,5972,1.5,1.0
16.4,20260419-010721,1173,1194,-15,1158,False,9,0,5166,2,jp,4819,4862,opp,43,1.0,5957,5972,1.5,1.5
16.4,20260419-010721,1173,1194,-15,1158,False,9,0,5166,3,ar,4999,5000,opp,2,1.5,5955,5972,1.5,2.0
16.4,20260419-010721,1173,1194,-15,1158,False,9,0,5166,4,fi,4929,4970,opp,82,2.0,5873,5972,1.5,2.5
16.4,20260419-010721,1173,1194,-15,1158,False,9,0,5166,5,ru,4417,4068,me,524,1.5,5873,5448,2.0,2.5
16.4,20260419-010721,1173,1194,-15,1158,False,9,0,5166,6,cl,4855,4940,opp,213,2.5,5660,5448,2.0,3.0
16.4,20260419-010721,1173,1194,-15,1158,False,9,0,5166,7,se,4926,5000,opp,222,3.0,5438,5448,2.0,3.5
16.4,20260419-010721,1173,1194,-15,1158,False,9,0,5166,8,pt,4999,4858,me,282,2.0,5438,5166,2.5,3.5
16.4,20260419-010721,1173,1194,-15,1158,False,9,0,5166,9,vn,3299,4929,opp,5705,3.5,0,5166,2.5,4.0
16.4,20260419-011100,1158,1193,18,1176,True,11,1082,0,1,id,4867,4929,opp,62,1.0,5938,6000,1.0,1.5
16.4,20260419-011100,1158,1193,18,1176,True,11,1082,0,2,hu,4873,4968,opp,143,1.5,5795,6000,1.0,2.0
16.4,20260419-011100,1158,1193,18,1176,True,11,1082,0,3,ru,2909,4258,opp,2698,2.0,3097,6000,1.0,2.5
16.4,20260419-011100,1158,1193,18,1176,True,11,1082,0,4,ca,4932,2863,me,2069,1.0,3097,3931,1.5,2.5
16.4,20260419-011100,1158,1193,18,1176,True,11,1082,0,5,tr,4999,3226,me,2660,1.5,3097,1271,2.0,2.5
16.4,20260419-011100,1158,1193,18,1176,True,11,1082,0,6,au,4870,4853,me,34,2.0,3097,1237,2.5,2.5
16.4,20260419-011100,1158,1193,18,1176,True,11,1082,0,7,tw,4745,4987,opp,605,2.5,2492,1237,2.5,3.0
16.4,20260419-011100,1158,1193,18,1176,True,11,1082,0,8,vn,4358,4828,opp,1410,3.0,1082,1237,2.5,3.5
16.4,20260419-011100,1158,1193,18,1176,True,11,1082,0,9,kh,4789,4786,me,8,2.5,1082,1229,3.0,3.5
16.4,20260419-011100,1158,1193,18,1176,True,11,1082,0,10,nl,4962,4952,me,30,3.0,1082,1199,3.5,3.5
16.4,20260419-011100,1158,1193,18,1176,True,11,1082,0,11,us:in,4864,4146,me,2513,3.5,1082,0,4.0,3.5
16.5,20260419-080714,1176,1282,-11,1165,False,7,0,5902,1,mx,4835,4890,opp,55,1.0,5945,6000,1.0,1.5
16.5,20260419-080714,1176,1282,-11,1165,False,7,0,5902,2,no,4971,4989,opp,27,1.5,5918,6000,1.0,2.0
16.5,20260419-080714,1176,1282,-11,1165,False,7,0,5902,3,ie,4968,4870,me,98,1.0,5918,5902,1.5,2.0
16.5,20260419-080714,1176,1282,-11,1165,False,7,0,5902,4,ng,4548,4997,opp,898,2.0,5020,5902,1.5,2.5
16.5,20260419-080714,1176,1282,-11,1165,False,7,0,5902,5,br,4471,4874,opp,1008,2.5,4012,5902,1.5,3.0
16.5,20260419-080714,1176,1282,-11,1165,False,7,0,5902,6,uk,4707,4981,opp,822,3.0,3190,5902,1.5,3.5
16.5,20260419-080714,1176,1282,-11,1165,False,7,0,5902,7,za,3969,4933,opp,3374,3.5,0,5902,1.5,4.0
16.5,20260419-081128,1165,1293,22,1187,True,20,791,0,1,at,4677,4999,opp,322,1.0,5678,6000,1.0,1.5
16.5,20260419-081128,1165,1293,22,1187,True,20,791,0,2,uk,4907,4997,opp,135,1.5,5543,6000,1.0,2.0
16.5,20260419-081128,1165,1293,22,1187,True,20,791,0,3,pe,5000,4529,me,471,1.0,5543,5529,1.5,2.0
16.5,20260419-081128,1165,1293,22,1187,True,20,791,0,4,se,4788,5000,opp,424,2.0,5119,5529,1.5,2.5
16.5,20260419-081128,1165,1293,22,1187,True,20,791,0,5,mx,4684,4591,me,140,1.5,5119,5389,2.0,2.5
16.5,20260419-081128,1165,1293,22,1187,True,20,791,0,6,id,4712,4944,opp,580,2.5,4539,5389,2.0,3.0
16.5,20260419-081128,1165,1293,22,1187,True,20,791,0,7,jp,4715,4913,opp,594,3.0,3945,5389,2.0,3.5
16.5,20260419-081128,1165,1293,22,1187,True,20,791,0,8,za,4825,4782,me,86,2.0,3945,5303,2.5,3.5
16.5,20260419-081128,1165,1293,22,1187,True,20,791,0,9,tw,4997,4957,me,100,2.5,3945,5203,3.0,3.5
16.5,20260419-081128,1165,1293,22,1187,True,20,791,0,10,ca,4999,4640,me,1077,3.0,3945,4126,3.5,3.5
16.5,20260419-081128,1165,1293,22,1187,True,20,791,0,11,fr,5000,4938,me,217,3.5,3945,3909,4.0,3.5
16.5,20260419-081128,1165,1293,22,1187,True,20,791,0,12,es,4999,4999,tie,0,0.0,3945,3909,4.5,4.0
16.5,20260419-081128,1165,1293,22,1187,True,20,791,0,13,th,4810,4995,opp,740,4.0,3205,3909,4.5,4.5
16.5,20260419-081128,1165,1293,22,1187,True,20,791,0,14,id,4981,4979,me,9,4.5,3205,3900,5.0,4.5
16.5,20260419-081128,1165,1293,22,1187,True,20,791,0,15,ca,4999,4982,me,85,5.0,3205,3815,5.5,4.5
16.5,20260419-081128,1165,1293,22,1187,True,20,791,0,16,uk,5000,5000,tie,0,0.0,3205,3815,6.0,5.0
16.5,20260419-081128,1165,1293,22,1187,True,20,791,0,17,dk,4717,4999,opp,1410,5.0,1795,3815,6.0,5.5
16.5,20260419-081128,1165,1293,22,1187,True,20,791,0,18,at,4846,4999,opp,842,5.5,953,3815,6.0,6.0
16.5,20260419-081128,1165,1293,22,1187,True,20,791,0,19,ch,4970,4997,opp,162,6.0,791,3815,6.0,6.5
16.5,20260419-081128,1165,1293,22,1187,True,20,791,0,20,ca,4987,4268,me,4314,6.0,791,0,6.5,6.5
16.5,20260419-081936,1187,1114,-19,1168,False,15,0,2186,1,br,4305,4218,me,87,1.0,6000,5913,1.5,1.0
16.5,20260419-081936,1187,1114,-19,1168,False,15,0,2186,2,id,4795,4958,opp,163,1.0,5837,5913,1.5,1.5
16.5,20260419-081936,1187,1114,-19,1168,False,15,0,2186,3,il,4985,4968,me,26,1.5,5837,5887,2.0,1.5
16.5,20260419-081936,1187,1114,-19,1168,False,15,0,2186,4,id,3450,4997,opp,2321,1.5,3516,5887,2.0,2.0
16.5,20260419-081936,1187,1114,-19,1168,False,15,0,2186,5,uk,4756,4949,opp,386,2.0,3130,5887,2.0,2.5
16.5,20260419-081936,1187,1114,-19,1168,False,15,0,2186,6,fr,4999,4417,me,1164,2.0,3130,4723,2.5,2.5
16.5,20260419-081936,1187,1114,-19,1168,False,15,0,2186,7,ar,4992,4829,me,408,2.5,3130,4315,3.0,2.5
16.5,20260419-081936,1187,1114,-19,1168,False,15,0,2186,8,in,4998,4941,me,171,3.0,3130,4144,3.5,2.5
16.5,20260419-081936,1187,1114,-19,1168,False,15,0,2186,9,us:mi,4786,4950,opp,410,2.5,2720,4144,3.5,3.0
16.5,20260419-081936,1187,1114,-19,1168,False,15,0,2186,10,co,4995,4930,me,228,3.5,2720,3916,4.0,3.0
16.5,20260419-081936,1187,1114,-19,1168,False,15,0,2186,11,no,4998,4614,me,1536,4.0,2720,2380,4.5,3.0
16.5,20260419-081936,1187,1114,-19,1168,False,15,0,2186,12,za,4552,4999,opp,1341,3.0,1379,2380,4.5,3.5
16.5,20260419-081936,1187,1114,-19,1168,False,15,0,2186,13,pt,4805,4762,me,194,4.5,1379,2186,5.0,3.5
16.5,20260419-081936,1187,1114,-19,1168,False,15,0,2186,14,gr,4663,4912,opp,872,3.5,507,2186,5.0,4.0
16.5,20260419-081936,1187,1114,-19,1168,False,15,0,2186,15,ca,4620,4998,opp,1512,4.0,0,2186,5.0,4.5
16.5,20260419-082427,1168,1106,13,1181,True,12,3706,0,1,us:ak,4849,4979,opp,130,1.0,5870,6000,1.0,1.5
16.5,20260419-082427,1168,1106,13,1181,True,12,3706,0,2,fr,4939,4311,me,628,1.0,5870,5372,1.5,1.5
16.5,20260419-082427,1168,1106,13,1181,True,12,3706,0,3,id,3121,4195,opp,1611,1.5,4259,5372,1.5,2.0
16.5,20260419-082427,1168,1106,13,1181,True,12,3706,0,4,pl,4907,4995,opp,176,2.0,4083,5372,1.5,2.5
16.5,20260419-082427,1168,1106,13,1181,True,12,3706,0,5,za,5000,4747,me,380,1.5,4083,4992,2.0,2.5
16.5,20260419-082427,1168,1106,13,1181,True,12,3706,0,6,br,4984,4247,me,1474,2.0,4083,3518,2.5,2.5
16.5,20260419-082427,1168,1106,13,1181,True,12,3706,0,7,vn,4495,3978,me,1293,2.5,4083,2225,3.0,2.5
16.5,20260419-082427,1168,1106,13,1181,True,12,3706,0,8,id,4532,4558,opp,65,2.5,4018,2225,3.0,3.0
16.5,20260419-082427,1168,1106,13,1181,True,12,3706,0,9,us:wv,4956,4481,me,1425,3.0,4018,800,3.5,3.0
16.5,20260419-082427,1168,1106,13,1181,True,12,3706,0,10,ca,4622,4726,opp,312,3.0,3706,800,3.5,3.5
16.5,20260419-082427,1168,1106,13,1181,True,12,3706,0,11,is,5000,4787,me,746,3.5,3706,54,4.0,3.5
16.5,20260419-082427,1168,1106,13,1181,True,12,3706,0,12,tr,4970,4913,me,228,4.0,3706,0,4.5,3.5
16.5,20260419-082818,1181,1218,-14,1167,False,8,0,5298,1,no,4991,4981,me,10,1.0,6000,5990,1.5,1.0
16.5,20260419-082818,1181,1218,-14,1167,False,8,0,5298,2,us:az,4564,4997,opp,433,1.0,5567,5990,1.5,1.5
16.5,20260419-082818,1181,1218,-14,1167,False,8,0,5298,3,ie,5000,4807,me,290,1.5,5567,5700,2.0,1.5
16.5,20260419-082818,1181,1218,-14,1167,False,8,0,5298,4,vn,3410,4631,opp,1832,1.5,3735,5700,2.0,2.0
16.5,20260419-082818,1181,1218,-14,1167,False,8,0,5298,5,jp,3845,4906,opp,2122,2.0,1613,5700,2.0,2.5
16.5,20260419-082818,1181,1218,-14,1167,False,8,0,5298,6,cz,4945,4744,me,402,2.0,1613,5298,2.5,2.5
16.5,20260419-082818,1181,1218,-14,1167,False,8,0,5298,7,br,4314,4785,opp,1178,2.5,435,5298,2.5,3.0
16.5,20260419-082818,1181,1218,-14,1167,False,8,0,5298,8,id,4117,4942,opp,2475,3.0,0,5298,2.5,3.5
16.5,20260419-083113,1167,0,-10,1157,False,13,0,5980,1,ro,4986,4968,me,18,1.0,6000,5982,1.5,1.0
16.5,20260419-083113,1167,0,-10,1157,False,13,0,5980,2,uk,4967,4986,opp,19,1.0,5981,5982,1.5,1.5
16.5,20260419-083113,1167,0,-10,1157,False,13,0,5980,3,ro,4988,4995,opp,11,1.5,5970,5982,1.5,2.0
16.5,20260419-083113,1167,0,-10,1157,False,13,0,5980,4,in,4284,4628,opp,688,2.0,5282,5982,1.5,2.5
16.5,20260419-083113,1167,0,-10,1157,False,13,0,5980,5,hu,4973,4998,opp,63,2.5,5219,5982,1.5,3.0
16.5,20260419-083113,1167,0,-10,1157,False,13,0,5980,6,ar,4617,4695,opp,234,3.0,4985,5982,1.5,3.5
16.5,20260419-083113,1167,0,-10,1157,False,13,0,5980,7,mx,4928,4989,opp,214,3.5,4771,5982,1.5,4.0
16.5,20260419-083113,1167,0,-10,1157,False,13,0,5980,8,br,4156,4910,opp,3016,4.0,1755,5982,1.5,4.5
16.5,20260419-083113,1167,0,-10,1157,False,13,0,5980,9,au,4999,4998,me,2,1.5,1755,5980,2.0,4.5
16.5,20260419-083113,1167,0,-10,1157,False,13,0,5980,10,uk,5000,5000,tie,0,0.0,1755,5980,2.5,5.0
16.5,20260419-083113,1167,0,-10,1157,False,13,0,5980,11,gr,4820,4889,opp,345,5.0,1410,5980,2.5,5.5
16.5,20260419-083113,1167,0,-10,1157,False,13,0,5980,12,us:ok,4993,4999,opp,33,5.5,1377,5980,2.5,6.0
16.5,20260419-083113,1167,0,-10,1157,False,13,0,5980,13,es,4436,5000,opp,3384,6.0,0,5980,2.5,6.5
16.5,20260419-083511,1157,1186,17,1174,True,13,1318,0,1,jp,4976,4940,me,36,1.0,6000,5964,1.5,1.0
16.5,20260419-083511,1157,1186,17,1174,True,13,1318,0,2,id,2618,3207,opp,589,1.0,5411,5964,1.5,1.5
16.5,20260419-083511,1157,1186,17,1174,True,13,1318,0,3,br,4855,4799,me,84,1.5,5411,5880,2.0,1.5
16.5,20260419-083511,1157,1186,17,1174,True,13,1318,0,4,ru,4028,4381,opp,530,1.5,4881,5880,2.0,2.0
16.5,20260419-083511,1157,1186,17,1174,True,13,1318,0,5,us:tn,4704,4765,opp,122,2.0,4759,5880,2.0,2.5
16.5,20260419-083511,1157,1186,17,1174,True,13,1318,0,6,kr,4800,4890,opp,225,2.5,4534,5880,2.0,3.0
16.5,20260419-083511,1157,1186,17,1174,True,13,1318,0,7,za,4993,3957,me,2072,2.0,4534,3808,2.5,3.0
16.5,20260419-083511,1157,1186,17,1174,True,13,1318,0,8,co,5000,4964,me,90,2.5,4534,3718,3.0,3.0
16.5,20260419-083511,1157,1186,17,1174,True,13,1318,0,9,fr,4988,4397,me,1773,3.0,4534,1945,3.5,3.0
16.5,20260419-083511,1157,1186,17,1174,True,13,1318,0,10,mx,3767,4839,opp,3216,3.0,1318,1945,3.5,3.5
16.5,20260419-083511,1157,1186,17,1174,True,13,1318,0,11,mx,4727,4627,me,350,3.5,1318,1595,4.0,3.5
16.5,20260419-083511,1157,1186,17,1174,True,13,1318,0,12,us:mt,4916,4594,me,1288,4.0,1318,307,4.5,3.5
16.5,20260419-083511,1157,1186,17,1174,True,13,1318,0,13,pl,4683,4111,me,2574,4.5,1318,0,5.0,3.5
16.5,20260419-083832,1174,1333,-9,1165,False,4,0,5859,1,jp,4936,4795,me,141,1.0,6000,5859,1.5,1.0
16.5,20260419-083832,1174,1333,-9,1165,False,4,0,5859,2,se,4977,5000,opp,23,1.0,5977,5859,1.5,1.5
16.5,20260419-083832,1174,1333,-9,1165,False,4,0,5859,3,za,4721,4904,opp,275,1.5,5702,5859,1.5,2.0
16.5,20260419-083832,1174,1333,-9,1165,False,4,0,5859,4,br,1422,4334,opp,5824,2.0,0,5859,1.5,2.5
16.5,20260419-083930,1165,1204,18,1183,True,9,3484,0,1,fr,4999,4826,me,173,1.0,6000,5827,1.5,1.0
16.5,20260419-083930,1165,1204,18,1183,True,9,3484,0,2,vn,4958,3364,me,2391,1.5,6000,3436,2.0,1.0
16.5,20260419-083930,1165,1204,18,1183,True,9,3484,0,3,nz,1747,4151,opp,2404,1.0,3596,3436,2.0,1.5
16.5,20260419-083930,1165,1204,18,1183,True,9,3484,0,4,si,4997,4961,me,72,2.0,3596,3364,2.5,1.5
16.5,20260419-083930,1165,1204,18,1183,True,9,3484,0,5,us:az,4798,3949,me,2123,2.5,3596,1241,3.0,1.5
16.5,20260419-083930,1165,1204,18,1183,True,9,3484,0,6,us:la,4863,4915,opp,78,1.5,3518,1241,3.0,2.0
16.5,20260419-083930,1165,1204,18,1183,True,9,3484,0,7,cz,4983,5000,opp,34,2.0,3484,1241,3.0,2.5
16.5,20260419-083930,1165,1204,18,1183,True,9,3484,0,8,th,4807,4713,me,282,3.0,3484,959,3.5,2.5
16.5,20260419-083930,1165,1204,18,1183,True,9,3484,0,9,ru,4620,896,me,13034,3.5,3484,0,4.0,2.5
16.5,20260419-084422,1183,0,-15,1168,False,7,0,5877,1,om,4892,4974,opp,82,1.0,5918,6000,1.0,1.5
16.5,20260419-084422,1183,0,-15,1168,False,7,0,5877,2,tr,3921,4903,opp,1473,1.5,4445,6000,1.0,2.0
16.5,20260419-084422,1183,0,-15,1168,False,7,0,5877,3,us:ny,4556,4955,opp,798,2.0,3647,6000,1.0,2.5
16.5,20260419-084422,1183,0,-15,1168,False,7,0,5877,4,cl,4917,4978,opp,153,2.5,3494,6000,1.0,3.0
16.5,20260419-084422,1183,0,-15,1168,False,7,0,5877,5,de,4547,4424,me,123,1.0,3494,5877,1.5,3.0
16.5,20260419-084422,1183,0,-15,1168,False,7,0,5877,6,my,4992,4992,tie,0,0.0,3494,5877,2.0,3.5
16.5,20260419-084422,1183,0,-15,1168,False,7,0,5877,7,ca,3649,4956,opp,4575,3.5,0,5877,2.0,4.0
16.5,20260419-084747,1168,1162,16,1184,True,8,5691,0,1,lt,4806,4772,me,34,1.0,6000,5966,1.5,1.0
16.5,20260419-084747,1168,1162,16,1184,True,8,5691,0,2,mx,4889,4971,opp,82,1.0,5918,5966,1.5,1.5
16.5,20260419-084747,1168,1162,16,1184,True,8,5691,0,3,us:ny,4657,4720,opp,95,1.5,5823,5966,1.5,2.0
16.5,20260419-084747,1168,1162,16,1184,True,8,5691,0,4,us:id,4998,4989,me,14,1.5,5823,5952,2.0,2.0
16.5,20260419-084747,1168,1162,16,1184,True,8,5691,0,5,jp,4915,4981,opp,132,2.0,5691,5952,2.0,2.5
16.5,20260419-084747,1168,1162,16,1184,True,8,5691,0,6,fr,4993,4776,me,434,2.0,5691,5518,2.5,2.5
16.5,20260419-084747,1168,1162,16,1184,True,8,5691,0,7,us:oh,4987,4933,me,135,2.5,5691,5383,3.0,2.5
16.5,20260419-084747,1168,1162,16,1184,True,8,5691,0,8,br,4594,2562,me,6096,3.0,5691,0,3.5,2.5
16.5,20260419-085114,1184,1091,-20,1164,False,12,0,578,1,de,4999,4161,me,838,1.0,6000,5162,1.5,1.0
16.5,20260419-085114,1184,1091,-20,1164,False,12,0,578,2,br,4254,4456,opp,202,1.0,5798,5162,1.5,1.5
16.5,20260419-085114,1184,1091,-20,1164,False,12,0,578,3,ar,4480,4447,me,50,1.5,5798,5112,2.0,1.5
16.5,20260419-085114,1184,1091,-20,1164,False,12,0,578,4,ph,4934,4530,me,808,2.0,5798,4304,2.5,1.5
16.5,20260419-085114,1184,1091,-20,1164,False,12,0,578,5,hu,4873,4838,me,88,2.5,5798,4216,3.0,1.5
16.5,20260419-085114,1184,1091,-20,1164,False,12,0,578,6,tr,4981,4849,me,396,3.0,5798,3820,3.5,1.5
16.5,20260419-085114,1184,1091,-20,1164,False,12,0,578,7,no,2827,2947,opp,180,1.5,5618,3820,3.5,2.0
16.5,20260419-085114,1184,1091,-20,1164,False,12,0,578,8,tr,4990,4553,me,1530,3.5,5618,2290,4.0,2.0
16.5,20260419-085114,1184,1091,-20,1164,False,12,0,578,9,us:ga,3917,4909,opp,1984,2.0,3634,2290,4.0,2.5
16.5,20260419-085114,1184,1091,-20,1164,False,12,0,578,10,ar,4997,4569,me,1712,4.0,3634,578,4.5,2.5
16.5,20260419-085114,1184,1091,-20,1164,False,12,0,578,11,be,3983,4909,opp,2315,2.5,1319,578,4.5,3.0
16.5,20260419-085114,1184,1091,-20,1164,False,12,0,578,12,ru,3701,4523,opp,2466,3.0,0,578,4.5,3.5
16.5,20260419-085523,1164,1147,15,1179,True,10,5642,0,1,ar,4981,3741,me,1240,1.0,6000,4760,1.5,1.0
16.5,20260419-085523,1164,1147,15,1179,True,10,5642,0,2,py,4736,4828,opp,92,1.0,5908,4760,1.5,1.5
16.5,20260419-085523,1164,1147,15,1179,True,10,5642,0,3,co,4683,4767,opp,126,1.5,5782,4760,1.5,2.0
16.5,20260419-085523,1164,1147,15,1179,True,10,5642,0,4,ca,4998,4821,me,266,1.5,5782,4494,2.0,2.0
16.5,20260419-085523,1164,1147,15,1179,True,10,5642,0,5,pe,4926,4996,opp,140,2.0,5642,4494,2.0,2.5
16.5,20260419-085523,1164,1147,15,1179,True,10,5642,0,6,us:me,4859,3634,me,2450,2.0,5642,2044,2.5,2.5
16.5,20260419-085523,1164,1147,15,1179,True,10,5642,0,7,na,4998,4383,me,1538,2.5,5642,506,3.0,2.5
16.5,20260419-085523,1164,1147,15,1179,True,10,5642,0,8,vn,4871,4855,me,48,3.0,5642,458,3.5,2.5
16.5,20260419-085523,1164,1147,15,1179,True,10,5642,0,9,ru,4099,4039,me,210,3.5,5642,248,4.0,2.5
16.5,20260419-085523,1164,1147,15,1179,True,10,5642,0,10,ee,4910,4827,me,332,4.0,5642,0,4.5,2.5
16.5,20260419-085830,1179,1247,-13,1166,False,14,0,2547,1,es,4625,4928,opp,303,1.0,5697,6000,1.0,1.5
16.5,20260419-085830,1179,1247,-13,1166,False,14,0,2547,2,uk,4994,4945,me,49,1.0,5697,5951,1.5,1.5
16.5,20260419-085830,1179,1247,-13,1166,False,14,0,2547,3,br,4370,3953,me,626,1.5,5697,5325,2.0,1.5
16.5,20260419-085830,1179,1247,-13,1166,False,14,0,2547,4,us:ut,4990,4843,me,294,2.0,5697,5031,2.5,1.5
16.5,20260419-085830,1179,1247,-13,1166,False,14,0,2547,5,tr,4574,4995,opp,632,1.5,5065,5031,2.5,2.0
16.5,20260419-085830,1179,1247,-13,1166,False,14,0,2547,6,au,3888,4864,opp,1952,2.0,3113,5031,2.5,2.5
16.5,20260419-085830,1179,1247,-13,1166,False,14,0,2547,7,ru,4571,4720,opp,373,2.5,2740,5031,2.5,3.0
16.5,20260419-085830,1179,1247,-13,1166,False,14,0,2547,8,ph,5000,4964,me,90,2.5,2740,4941,3.0,3.0
16.5,20260419-085830,1179,1247,-13,1166,False,14,0,2547,9,br,4997,4472,me,1575,3.0,2740,3366,3.5,3.0
16.5,20260419-085830,1179,1247,-13,1166,False,14,0,2547,10,cr,4745,4995,opp,750,3.0,1990,3366,3.5,3.5
16.5,20260419-085830,1179,1247,-13,1166,False,14,0,2547,11,fi,4996,4762,me,819,3.5,1990,2547,4.0,3.5
16.5,20260419-085830,1179,1247,-13,1166,False,14,0,2547,12,nz,4998,4998,tie,0,0.0,1990,2547,4.5,4.0
16.5,20260419-085830,1179,1247,-13,1166,False,14,0,2547,13,th,4863,5000,opp,548,4.0,1442,2547,4.5,4.5
16.5,20260419-085830,1179,1247,-13,1166,False,14,0,2547,14,es,4217,4999,opp,3519,4.5,0,2547,4.5,5.0
16.5,20260419-090209,1166,1260,-12,1154,False,11,0,5354,1,in,4986,4675,me,311,1.0,6000,5689,1.5,1.0
16.5,20260419-090209,1166,1260,-12,1154,False,11,0,5354,2,ro,4864,4998,opp,134,1.0,5866,5689,1.5,1.5
16.5,20260419-090209,1166,1260,-12,1154,False,11,0,5354,3,ru,3606,3555,me,77,1.5,5866,5612,2.0,1.5
16.5,20260419-090209,1166,1260,-12,1154,False,11,0,5354,4,jp,4731,4988,opp,386,1.5,5480,5612,2.0,2.0
16.5,20260419-090209,1166,1260,-12,1154,False,11,0,5354,5,ca,5000,4871,me,258,2.0,5480,5354,2.5,2.0
16.5,20260419-090209,1166,1260,-12,1154,False,11,0,5354,6,lk,4989,4998,opp,18,2.0,5462,5354,2.5,2.5
16.5,20260419-090209,1166,1260,-12,1154,False,11,0,5354,7,br,4776,4831,opp,138,2.5,5324,5354,2.5,3.0
16.5,20260419-090209,1166,1260,-12,1154,False,11,0,5354,8,ke,4486,4997,opp,1533,3.0,3791,5354,2.5,3.5
16.5,20260419-090209,1166,1260,-12,1154,False,11,0,5354,9,au,4253,4994,opp,2594,3.5,1197,5354,2.5,4.0
16.5,20260419-090209,1166,1260,-12,1154,False,11,0,5354,10,ch,4998,4998,tie,0,0.0,1197,5354,3.0,4.5
16.5,20260419-090209,1166,1260,-12,1154,False,11,0,5354,11,mx,3695,4999,opp,5868,4.5,0,5354,3.0,5.0
16.5,20260419-090606,1154,1162,16,1170,True,8,5741,0,1,ar,4946,4360,me,586,1.0,6000,5414,1.5,1.0
16.5,20260419-090606,1154,1162,16,1170,True,8,5741,0,2,fr,4753,4964,opp,211,1.0,5789,5414,1.5,1.5
16.5,20260419-090606,1154,1162,16,1170,True,8,5741,0,3,es,4998,4774,me,336,1.5,5789,5078,2.0,1.5
16.5,20260419-090606,1154,1162,16,1170,True,8,5741,0,4,lu,4966,4998,opp,48,1.5,5741,5078,2.0,2.0
16.5,20260419-090606,1154,1162,16,1170,True,8,5741,0,5,us:oh,5000,4999,me,2,2.0,5741,5076,2.5,2.0
16.5,20260419-090606,1154,1162,16,1170,True,8,5741,0,6,my,4822,4810,me,30,2.5,5741,5046,3.0,2.0
16.5,20260419-090606,1154,1162,16,1170,True,8,5741,0,7,no,4992,4871,me,363,3.0,5741,4683,3.5,2.0
16.5,20260419-090606,1154,1162,16,1170,True,8,5741,0,8,id,4693,1519,me,11109,3.5,5741,0,4.0,2.0
16.5,20260419-090836,1170,1262,20,1190,True,13,175,0,1,fr,4999,4909,me,90,1.0,6000,5910,1.5,1.0
16.5,20260419-090836,1170,1262,20,1190,True,13,175,0,2,fr,4999,4963,me,54,1.5,6000,5856,2.0,1.0
16.5,20260419-090836,1170,1262,20,1190,True,13,175,0,3,tr,4999,4997,me,4,2.0,6000,5852,2.5,1.0
16.5,20260419-090836,1170,1262,20,1190,True,13,175,0,4,ua,4566,4969,opp,403,1.0,5597,5852,2.5,1.5
16.5,20260419-090836,1170,1262,20,1190,True,13,175,0,5,us:or,1565,4955,opp,5085,1.5,512,5852,2.5,2.0
16.5,20260419-090836,1170,1262,20,1190,True,13,175,0,6,us:tn,4999,4193,me,2015,2.5,512,3837,3.0,2.0
16.5,20260419-090836,1170,1262,20,1190,True,13,175,0,7,bg,4548,4704,opp,312,2.0,200,3837,3.0,2.5
16.5,20260419-090836,1170,1262,20,1190,True,13,175,0,8,br,4999,4825,me,522,3.0,200,3315,3.5,2.5
16.5,20260419-090836,1170,1262,20,1190,True,13,175,0,9,ua,4982,4992,opp,25,2.5,175,3315,3.5,3.0
16.5,20260419-090836,1170,1262,20,1190,True,13,175,0,10,za,5000,4998,me,7,3.5,175,3308,4.0,3.0
16.5,20260419-090836,1170,1262,20,1190,True,13,175,0,11,mk,4891,4822,me,276,4.0,175,3032,4.5,3.0
16.5,20260419-090836,1170,1262,20,1190,True,13,175,0,12,fi,4932,4643,me,1301,4.5,175,1731,5.0,3.0
16.5,20260419-090836,1170,1262,20,1190,True,13,175,0,13,au,4937,3412,me,7625,5.0,175,0,5.5,3.0
16.5,20260419-091316,1190,1375,-8,1182,False,12,0,4773,1,es,4978,5000,opp,22,1.0,5978,6000,1.0,1.5
16.5,20260419-091316,1190,1375,-8,1182,False,12,0,4773,2,bd,4720,4987,opp,401,1.5,5577,6000,1.0,2.0
16.5,20260419-091316,1190,1375,-8,1182,False,12,0,4773,3,id,4998,4744,me,254,1.0,5577,5746,1.5,2.0
16.5,20260419-091316,1190,1375,-8,1182,False,12,0,4773,4,za,4069,4433,opp,728,2.0,4849,5746,1.5,2.5
16.5,20260419-091316,1190,1375,-8,1182,False,12,0,4773,5,za,4947,4691,me,384,1.5,4849,5362,2.0,2.5
16.5,20260419-091316,1190,1375,-8,1182,False,12,0,4773,6,br,4710,4745,opp,88,2.5,4761,5362,2.0,3.0
16.5,20260419-091316,1190,1375,-8,1182,False,12,0,4773,7,au,4915,4999,opp,252,3.0,4509,5362,2.0,3.5
16.5,20260419-091316,1190,1375,-8,1182,False,12,0,4773,8,jp,4908,4789,me,238,2.0,4509,5124,2.5,3.5
16.5,20260419-091316,1190,1375,-8,1182,False,12,0,4773,9,sz,5000,5000,tie,0,0.0,4509,5124,3.0,4.0
16.5,20260419-091316,1190,1375,-8,1182,False,12,0,4773,10,pt,4999,4882,me,351,3.0,4509,4773,3.5,4.0
16.5,20260419-091316,1190,1375,-8,1182,False,12,0,4773,11,se,3969,4998,opp,4116,4.0,393,4773,3.5,4.5
16.5,20260419-091316,1190,1375,-8,1182,False,12,0,4773,12,de,4705,4999,opp,1323,4.5,0,4773,3.5,5.0
16.5,20260419-091643,1182,1206,17,1199,True,5,5978,0,1,ca,4703,4519,me,184,1.0,6000,5816,1.5,1.0
16.5,20260419-091643,1182,1206,17,1199,True,5,5978,0,2,es,5000,4377,me,935,1.5,6000,4881,2.0,1.0
16.5,20260419-091643,1182,1206,17,1199,True,5,5978,0,3,ke,4843,4865,opp,22,1.0,5978,4881,2.0,1.5
16.5,20260419-091643,1182,1206,17,1199,True,5,5978,0,4,ru,4779,3271,me,3016,2.0,5978,1865,2.5,1.5
16.5,20260419-091643,1182,1206,17,1199,True,5,5978,0,5,ph,4899,3566,me,3333,2.5,5978,0,3.0,1.5
16.5,20260419-091807,1199,1151,14,1213,True,12,4608,0,1,th,4998,4543,me,455,1.0,6000,5545,1.5,1.0
16.5,20260419-091807,1199,1151,14,1213,True,12,4608,0,2,de,4721,4967,opp,246,1.0,5754,5545,1.5,1.5
16.5,20260419-091807,1199,1151,14,1213,True,12,4608,0,3,lv,4975,4783,me,288,1.5,5754,5257,2.0,1.5
16.5,20260419-091807,1199,1151,14,1213,True,12,4608,0,4,jp,4994,4968,me,52,2.0,5754,5205,2.5,1.5
16.5,20260419-091807,1199,1151,14,1213,True,12,4608,0,5,it,4556,4389,me,418,2.5,5754,4787,3.0,1.5
16.5,20260419-091807,1199,1151,14,1213,True,12,4608,0,6,id,4813,4724,me,267,3.0,5754,4520,3.5,1.5
16.5,20260419-091807,1199,1151,14,1213,True,12,4608,0,7,th,4993,4992,me,4,3.5,5754,4516,4.0,1.5
16.5,20260419-091807,1199,1151,14,1213,True,12,4608,0,8,ar,4691,4486,me,820,4.0,5754,3696,4.5,1.5
16.5,20260419-091807,1199,1151,14,1213,True,12,4608,0,9,kz,4586,4701,opp,173,1.5,5581,3696,4.5,2.0
16.5,20260419-091807,1199,1151,14,1213,True,12,4608,0,10,us:mo,4667,4881,opp,428,2.0,5153,3696,4.5,2.5
16.5,20260419-091807,1199,1151,14,1213,True,12,4608,0,11,jp,4088,4306,opp,545,2.5,4608,3696,4.5,3.0
16.5,20260419-091807,1199,1151,14,1213,True,12,4608,0,12,mx,4999,2688,me,10400,4.5,4608,0,5.0,3.0
16.5,20260419-092158,1213,1275,-13,1200,False,10,0,4465,1,ru,3631,2609,me,1022,1.0,6000,4978,1.5,1.0
16.5,20260419-092158,1213,1275,-13,1200,False,10,0,4465,2,jp,4886,4890,opp,4,1.0,5996,4978,1.5,1.5
16.5,20260419-092158,1213,1275,-13,1200,False,10,0,4465,3,ca,4999,4657,me,513,1.5,5996,4465,2.0,1.5
16.5,20260419-092158,1213,1275,-13,1200,False,10,0,4465,4,cl,4947,4953,opp,9,1.5,5987,4465,2.0,2.0
16.5,20260419-092158,1213,1275,-13,1200,False,10,0,4465,5,ua,4975,4994,opp,38,2.0,5949,4465,2.0,2.5
16.5,20260419-092158,1213,1275,-13,1200,False,10,0,4465,6,ca,4642,5000,opp,895,2.5,5054,4465,2.0,3.0
16.5,20260419-092158,1213,1275,-13,1200,False,10,0,4465,7,vn,3664,3876,opp,636,3.0,4418,4465,2.0,3.5
16.5,20260419-092158,1213,1275,-13,1200,False,10,0,4465,8,mx,4418,4780,opp,1267,3.5,3151,4465,2.0,4.0
16.5,20260419-092158,1213,1275,-13,1200,False,10,0,4465,9,jp,4692,4940,opp,992,4.0,2159,4465,2.0,4.5
16.5,20260419-092158,1213,1275,-13,1200,False,10,0,4465,10,ru,3560,4931,opp,6170,4.5,0,4465,2.0,5.0
16.5,20260419-092435,1200,1174,-17,1183,False,9,0,3642,1,de,4715,4889,opp,174,1.0,5826,6000,1.0,1.5
16.5,20260419-092435,1200,1174,-17,1183,False,9,0,3642,2,ca,4536,3924,me,612,1.0,5826,5388,1.5,1.5
16.5,20260419-092435,1200,1174,-17,1183,False,9,0,3642,3,de,4493,4667,opp,261,1.5,5565,5388,1.5,2.0
16.5,20260419-092435,1200,1174,-17,1183,False,9,0,3642,4,gr,4913,4978,opp,130,2.0,5435,5388,1.5,2.5
16.5,20260419-092435,1200,1174,-17,1183,False,9,0,3642,5,dk,4809,4811,opp,5,2.5,5430,5388,1.5,3.0
16.5,20260419-092435,1200,1174,-17,1183,False,9,0,3642,6,in,2818,4241,opp,4269,3.0,1161,5388,1.5,3.5
16.5,20260419-092435,1200,1174,-17,1183,False,9,0,3642,7,vn,4531,4774,opp,851,3.5,310,5388,1.5,4.0
16.5,20260419-092435,1200,1174,-17,1183,False,9,0,3642,8,jp,4868,3704,me,1746,1.5,310,3642,2.0,4.0
16.5,20260419-092435,1200,1174,-17,1183,False,9,0,3642,9,se,4519,4813,opp,1176,4.0,0,3642,2.0,4.5
16.5,20260419-092655,1183,0,-11,1172,False,9,0,2333,1,cl,4899,4997,opp,98,1.0,5902,6000,1.0,1.5
16.5,20260419-092655,1183,0,-11,1172,False,9,0,2333,2,uk,4960,4959,me,1,1.0,5902,5999,1.5,1.5
16.5,20260419-092655,1183,0,-11,1172,False,9,0,2333,3,cl,4994,4995,opp,2,1.5,5900,5999,1.5,2.0
16.5,20260419-092655,1183,0,-11,1172,False,9,0,2333,4,us:wa,2561,5000,opp,4878,2.0,1022,5999,1.5,2.5
16.5,20260419-092655,1183,0,-11,1172,False,9,0,2333,5,ph,4988,4548,me,660,1.5,1022,5339,2.0,2.5
16.5,20260419-092655,1183,0,-11,1172,False,9,0,2333,6,ie,4985,4826,me,318,2.0,1022,5021,2.5,2.5
16.5,20260419-092655,1183,0,-11,1172,False,9,0,2333,7,cl,4999,3924,me,2688,2.5,1022,2333,3.0,2.5
16.5,20260419-092655,1183,0,-11,1172,False,9,0,2333,8,us:ks,4424,4820,opp,990,2.5,32,2333,3.0,3.0
16.5,20260419-092655,1183,0,-11,1172,False,9,0,2333,9,de,4539,4915,opp,1128,3.0,0,2333,3.0,3.5
16.5,20260419-093013,1172,1305,-10,1162,False,16,0,2923,1,in,3958,4999,opp,1041,1.0,4959,6000,1.0,1.5
16.5,20260419-093013,1172,1305,-10,1162,False,16,0,2923,2,in,4621,3967,me,654,1.0,4959,5346,1.5,1.5
16.5,20260419-093013,1172,1305,-10,1162,False,16,0,2923,3,in,3398,4010,opp,918,1.5,4041,5346,1.5,2.0
16.5,20260419-093013,1172,1305,-10,1162,False,16,0,2923,4,mx,5000,5000,tie,0,0.0,4041,5346,2.0,2.5
16.5,20260419-093013,1172,1305,-10,1162,False,16,0,2923,5,ca,4790,4998,opp,520,2.5,3521,5346,2.0,3.0
16.5,20260419-093013,1172,1305,-10,1162,False,16,0,2923,6,uk,4999,4960,me,78,2.0,3521,5268,2.5,3.0
16.5,20260419-093013,1172,1305,-10,1162,False,16,0,2923,7,be,4839,4881,opp,126,3.0,3395,5268,2.5,3.5
16.5,20260419-093013,1172,1305,-10,1162,False,16,0,2923,8,dk,4792,4834,opp,147,3.5,3248,5268,2.5,4.0
16.5,20260419-093013,1172,1305,-10,1162,False,16,0,2923,9,jp,4807,4453,me,885,2.5,3248,4383,3.0,4.0
16.5,20260419-093013,1172,1305,-10,1162,False,16,0,2923,10,bd,4697,4748,opp,204,4.0,3044,4383,3.0,4.5
16.5,20260419-093013,1172,1305,-10,1162,False,16,0,2923,11,fr,4971,4591,me,1140,3.0,3044,3243,3.5,4.5
16.5,20260419-093013,1172,1305,-10,1162,False,16,0,2923,12,gr,5000,4992,me,28,3.5,3044,3215,4.0,4.5
16.5,20260419-093013,1172,1305,-10,1162,False,16,0,2923,13,ca,4659,4759,opp,450,4.5,2594,3215,4.0,5.0
16.5,20260419-093013,1172,1305,-10,1162,False,16,0,2923,14,us:tn,4998,4925,me,292,4.0,2594,2923,4.5,5.0
16.5,20260419-093013,1172,1305,-10,1162,False,16,0,2923,15,uk,4872,4965,opp,465,5.0,2129,2923,4.5,5.5
16.5,20260419-093013,1172,1305,-10,1162,False,16,0,2923,16,in,3764,4868,opp,6072,5.5,0,2923,4.5,6.0
16.5,20260419-093507,1162,1148,15,1177,True,15,1323,0,1,lk,4693,4996,opp,303,1.0,5697,6000,1.0,1.5
16.5,20260419-093507,1162,1148,15,1177,True,15,1323,0,2,no,4969,4680,me,289,1.0,5697,5711,1.5,1.5
16.5,20260419-093507,1162,1148,15,1177,True,15,1323,0,3,br,4614,4579,me,53,1.5,5697,5658,2.0,1.5
16.5,20260419-093507,1162,1148,15,1177,True,15,1323,0,4,se,3239,3368,opp,194,1.5,5503,5658,2.0,2.0
16.5,20260419-093507,1162,1148,15,1177,True,15,1323,0,5,vn,4461,4568,opp,214,2.0,5289,5658,2.0,2.5
16.5,20260419-093507,1162,1148,15,1177,True,15,1323,0,6,no,4999,4369,me,1260,2.0,5289,4398,2.5,2.5
16.5,20260419-093507,1162,1148,15,1177,True,15,1323,0,7,br,4671,4445,me,565,2.5,5289,3833,3.0,2.5
16.5,20260419-093507,1162,1148,15,1177,True,15,1323,0,8,at,4994,4839,me,465,3.0,5289,3368,3.5,2.5
16.5,20260419-093507,1162,1148,15,1177,True,15,1323,0,9,nz,4647,4798,opp,378,2.5,4911,3368,3.5,3.0
16.5,20260419-093507,1162,1148,15,1177,True,15,1323,0,10,cl,4998,4409,me,2062,3.5,4911,1306,4.0,3.0
16.5,20260419-093507,1162,1148,15,1177,True,15,1323,0,11,ru,4034,3939,me,380,4.0,4911,926,4.5,3.0
16.5,20260419-093507,1162,1148,15,1177,True,15,1323,0,12,us:mi,3715,4846,opp,3393,3.0,1518,926,4.5,3.5
16.5,20260419-093507,1162,1148,15,1177,True,15,1323,0,13,us:wa,4930,4941,opp,39,3.5,1479,926,4.5,4.0
16.5,20260419-093507,1162,1148,15,1177,True,15,1323,0,14,au,4951,4990,opp,156,4.0,1323,926,4.5,4.5
16.5,20260419-093507,1162,1148,15,1177,True,15,1323,0,15,za,4412,4180,me,1044,4.5,1323,0,5.0,4.5
16.5,20260419-094038,1177,1205,17,1194,True,15,241,0,1,lv,4993,4907,me,86,1.0,6000,5914,1.5,1.0
16.5,20260419-094038,1177,1205,17,1194,True,15,241,0,2,be,4997,4955,me,63,1.5,6000,5851,2.0,1.0
16.5,20260419-094038,1177,1205,17,1194,True,15,241,0,3,nz,4962,4933,me,58,2.0,6000,5793,2.5,1.0
16.5,20260419-094038,1177,1205,17,1194,True,15,241,0,4,th,4825,4998,opp,173,1.0,5827,5793,2.5,1.5
16.5,20260419-094038,1177,1205,17,1194,True,15,241,0,5,pe,4626,4570,me,140,2.5,5827,5653,3.0,1.5
16.5,20260419-094038,1177,1205,17,1194,True,15,241,0,6,ph,4999,4791,me,624,3.0,5827,5029,3.5,1.5
16.5,20260419-094038,1177,1205,17,1194,True,15,241,0,7,ca,3618,3443,me,613,3.5,5827,4416,4.0,1.5
16.5,20260419-094038,1177,1205,17,1194,True,15,241,0,8,za,4979,4621,me,1432,4.0,5827,2984,4.5,1.5
16.5,20260419-094038,1177,1205,17,1194,True,15,241,0,9,ls,4846,4734,me,504,4.5,5827,2480,5.0,1.5
16.5,20260419-094038,1177,1205,17,1194,True,15,241,0,10,es,4403,4999,opp,894,1.5,4933,2480,5.0,2.0
16.5,20260419-094038,1177,1205,17,1194,True,15,241,0,11,ru,3711,3926,opp,430,2.0,4503,2480,5.0,2.5
16.5,20260419-094038,1177,1205,17,1194,True,15,241,0,12,ae,4643,4985,opp,855,2.5,3648,2480,5.0,3.0
16.5,20260419-094038,1177,1205,17,1194,True,15,241,0,13,ru,2394,2671,opp,831,3.0,2817,2480,5.0,3.5
16.5,20260419-094038,1177,1205,17,1194,True,15,241,0,14,mx,3656,4392,opp,2576,3.5,241,2480,5.0,4.0
16.5,20260419-094038,1177,1205,17,1194,True,15,241,0,15,br,4903,3975,me,4640,5.0,241,0,5.5,4.0
16.5,20260419-094558,1194,1327,-10,1184,False,14,0,1346,1,ph,4330,4127,me,203,1.0,6000,5797,1.5,1.0
16.5,20260419-094558,1194,1327,-10,1184,False,14,0,1346,2,es,4998,4695,me,455,1.5,6000,5342,2.0,1.0
16.5,20260419-094558,1194,1327,-10,1184,False,14,0,1346,3,mx,4961,4797,me,328,2.0,6000,5014,2.5,1.0
16.5,20260419-094558,1194,1327,-10,1184,False,14,0,1346,4,bg,4797,4714,me,208,2.5,6000,4806,3.0,1.0
16.5,20260419-094558,1194,1327,-10,1184,False,14,0,1346,5,ru,1215,3257,opp,2042,1.0,3958,4806,3.0,1.5
16.5,20260419-094558,1194,1327,-10,1184,False,14,0,1346,6,at,4981,4965,me,48,3.0,3958,4758,3.5,1.5
16.5,20260419-094558,1194,1327,-10,1184,False,14,0,1346,7,us:nm,4917,4792,me,438,3.5,3958,4320,4.0,1.5
16.5,20260419-094558,1194,1327,-10,1184,False,14,0,1346,8,my,4733,4392,me,1364,4.0,3958,2956,4.5,1.5
16.5,20260419-094558,1194,1327,-10,1184,False,14,0,1346,9,th,4931,4775,me,702,4.5,3958,2254,5.0,1.5
16.5,20260419-094558,1194,1327,-10,1184,False,14,0,1346,10,cr,4710,4660,me,250,5.0,3958,2004,5.5,1.5
16.5,20260419-094558,1194,1327,-10,1184,False,14,0,1346,11,mx,2654,4816,opp,3243,1.5,715,2004,5.5,2.0
16.5,20260419-094558,1194,1327,-10,1184,False,14,0,1346,12,za,4992,4903,me,490,5.5,715,1514,6.0,2.0
16.5,20260419-094558,1194,1327,-10,1184,False,14,0,1346,13,in,4884,4856,me,168,6.0,715,1346,6.5,2.0
16.5,20260419-094558,1194,1327,-10,1184,False,14,0,1346,14,ru,1492,4678,opp,6372,2.0,0,1346,6.5,2.5
16.5,20260419-095032,1184,1261,-13,1171,False,17,0,3199,1,us:oh,4735,4851,opp,116,1.0,5884,6000,1.0,1.5
16.5,20260419-095032,1184,1261,-13,1171,False,17,0,3199,2,jp,4973,4914,me,59,1.0,5884,5941,1.5,1.5
16.5,20260419-095032,1184,1261,-13,1171,False,17,0,3199,3,th,4983,4437,me,819,1.5,5884,5122,2.0,1.5
16.5,20260419-095032,1184,1261,-13,1171,False,17,0,3199,4,uk,4905,4979,opp,111,1.5,5773,5122,2.0,2.0
16.5,20260419-095032,1184,1261,-13,1171,False,17,0,3199,5,tw,4949,4866,me,166,2.0,5773,4956,2.5,2.0
16.5,20260419-095032,1184,1261,-13,1171,False,17,0,3199,6,ca,3740,4999,opp,2518,2.0,3255,4956,2.5,2.5
16.5,20260419-095032,1184,1261,-13,1171,False,17,0,3199,7,tw,4914,4807,me,268,2.5,3255,4688,3.0,2.5
16.5,20260419-095032,1184,1261,-13,1171,False,17,0,3199,8,pe,4220,4509,opp,723,2.5,2532,4688,3.0,3.0
16.5,20260419-095032,1184,1261,-13,1171,False,17,0,3199,9,us:al,4876,4829,me,141,3.0,2532,4547,3.5,3.0
16.5,20260419-095032,1184,1261,-13,1171,False,17,0,3199,10,lv,4996,4955,me,144,3.5,2532,4403,4.0,3.0
16.5,20260419-095032,1184,1261,-13,1171,False,17,0,3199,11,jp,4967,4927,me,160,4.0,2532,4243,4.5,3.0
16.5,20260419-095032,1184,1261,-13,1171,False,17,0,3199,12,do,4991,4996,opp,15,3.0,2517,4243,4.5,3.5
16.5,20260419-095032,1184,1261,-13,1171,False,17,0,3199,13,de,4995,4835,me,720,4.5,2517,3523,5.0,3.5
16.5,20260419-095032,1184,1261,-13,1171,False,17,0,3199,14,ae,4958,4945,me,65,5.0,2517,3458,5.5,3.5
16.5,20260419-095032,1184,1261,-13,1171,False,17,0,3199,15,ca,4232,4185,me,259,5.5,2517,3199,6.0,3.5
16.5,20260419-095032,1184,1261,-13,1171,False,17,0,3199,16,au,4649,4999,opp,1225,3.5,1292,3199,6.0,4.0
16.5,20260419-095032,1184,1261,-13,1171,False,17,0,3199,17,us:pa,4259,5000,opp,2964,4.0,0,3199,6.0,4.5
